5MB,0,6.791734104156494,low-bw,5ms,no-loss
5MB,0,5.56016505241394,low-bw,5ms,no-loss
5MB,0,5.292188053131103,low-bw,5ms,no-loss
5MB,0,5.554877882003784,low-bw,5ms,no-loss
5MB,0,5.353129034042358,low-bw,5ms,no-loss
5MB,0,5.237882022857666,low-bw,5ms,no-loss
5MB,0,5.550856952667236,low-bw,5ms,no-loss
5MB,0,34.44449103355408,low-bw,5ms,no-loss
5MB,0,4.973920946121216,low-bw,5ms,no-loss
5MB,0,33.98979700088501,low-bw,5ms,no-loss
5MB,0,5.3049281883239745,low-bw,5ms,no-loss
5MB,0,5.001890783309936,low-bw,5ms,no-loss
5MB,0,5.509328966140747,low-bw,5ms,no-loss
5MB,0,5.506528024673462,low-bw,5ms,no-loss
5MB,0,4.942533140182495,low-bw,5ms,no-loss
5MB,0,5.952941064834595,low-bw,5ms,no-loss
5MB,0,34.28850114822388,low-bw,5ms,no-loss
5MB,0,6.053002004623413,low-bw,5ms,no-loss
5MB,0,5.592371110916138,low-bw,5ms,no-loss
5MB,0,6.203675155639648,low-bw,5ms,no-loss
5MB,0,5.895944957733154,low-bw,5ms,no-loss
5MB,0,5.303379898071289,low-bw,5ms,no-loss
5MB,0,5.299534921646118,low-bw,5ms,no-loss
5MB,0,4.903911952972412,low-bw,5ms,no-loss
5MB,0,4.808498029708862,low-bw,5ms,no-loss
20MB,0,18.615849142074584,low-bw,5ms,no-loss
20MB,0,47.62796986579895,low-bw,5ms,no-loss
20MB,0,18.917089109420775,low-bw,5ms,no-loss
20MB,0,18.957017068862914,low-bw,5ms,no-loss
20MB,0,18.401111011505126,low-bw,5ms,no-loss
20MB,0,18.797640924453734,low-bw,5ms,no-loss
20MB,0,19.159268026351928,low-bw,5ms,no-loss
20MB,0,18.467476968765258,low-bw,5ms,no-loss
20MB,0,19.158877973556518,low-bw,5ms,no-loss
20MB,0,48.678115968704226,low-bw,5ms,no-loss
20MB,0,18.56800401687622,low-bw,5ms,no-loss
20MB,0,18.561356906890868,low-bw,5ms,no-loss
20MB,0,49.905626182556155,low-bw,5ms,no-loss
20MB,0,18.61604416847229,low-bw,5ms,no-loss
20MB,0,47.63889396667481,low-bw,5ms,no-loss
20MB,0,18.603992824554442,low-bw,5ms,no-loss
20MB,0,18.605512027740478,low-bw,5ms,no-loss
20MB,0,48.25081599235535,low-bw,5ms,no-loss
20MB,0,19.501296882629394,low-bw,5ms,no-loss
20MB,0,18.467931871414184,low-bw,5ms,no-loss
20MB,0,19.167856101989745,low-bw,5ms,no-loss
20MB,0,18.30780804634094,low-bw,5ms,no-loss
20MB,0,47.55396497726441,low-bw,5ms,no-loss
20MB,0,18.45530093193054,low-bw,5ms,no-loss
20MB,0,19.507301931381225,low-bw,5ms,no-loss
50MB,0,46.69460809707642,low-bw,5ms,no-loss
50MB,0,46.6875749874115,low-bw,5ms,no-loss
50MB,0,46.478321914672854,low-bw,5ms,no-loss
50MB,0,46.68714797973633,low-bw,5ms,no-loss
50MB,0,45.61401188850403,low-bw,5ms,no-loss
50MB,0,45.42116702079773,low-bw,5ms,no-loss
50MB,0,45.87254608154297,low-bw,5ms,no-loss
50MB,0,76.2680090713501,low-bw,5ms,no-loss
50MB,0,45.82990396499634,low-bw,5ms,no-loss
50MB,0,46.84584796905518,low-bw,5ms,no-loss
50MB,0,46.012785081863406,low-bw,5ms,no-loss
50MB,0,45.51332891464234,low-bw,5ms,no-loss
50MB,0,47.104224090576174,low-bw,5ms,no-loss
50MB,0,47.82647598266602,low-bw,5ms,no-loss
50MB,0,46.60916698455811,low-bw,5ms,no-loss
50MB,0,46.42614305496216,low-bw,5ms,no-loss
50MB,0,47.17726314544678,low-bw,5ms,no-loss
50MB,0,45.96832597732544,low-bw,5ms,no-loss
50MB,0,46.11684310913086,low-bw,5ms,no-loss
50MB,0,46.57836497306824,low-bw,5ms,no-loss
50MB,0,76.05105388641357,low-bw,5ms,no-loss
50MB,0,75.422818069458,low-bw,5ms,no-loss
50MB,0,45.720010166168215,low-bw,5ms,no-loss
50MB,0,46.34820592880249,low-bw,5ms,no-loss
50MB,0,47.32560480117798,low-bw,5ms,no-loss
5MB,0,17.43342698097229,low-bw,10ms,no-loss
5MB,0,27.41193402290344,low-bw,10ms,no-loss
5MB,0,16.506857995986937,low-bw,10ms,no-loss
5MB,0,5.965117101669311,low-bw,10ms,no-loss
5MB,0,16.015661125183104,low-bw,10ms,no-loss
5MB,0,5.562230949401855,low-bw,10ms,no-loss
5MB,0,5.941112880706787,low-bw,10ms,no-loss
5MB,0,18.060778980255126,low-bw,10ms,no-loss
5MB,0,75.9237228679657,low-bw,10ms,no-loss
5MB,0,46.29527104377747,low-bw,10ms,no-loss
5MB,0,16.547519092559813,low-bw,10ms,no-loss
5MB,0,16.847539072036742,low-bw,10ms,no-loss
5MB,0,5.572419052124023,low-bw,10ms,no-loss
5MB,0,13.946838026046752,low-bw,10ms,no-loss
5MB,0,6.050888900756836,low-bw,10ms,no-loss
5MB,0,15.849995021820067,low-bw,10ms,no-loss
5MB,0,15.04624903678894,low-bw,10ms,no-loss
5MB,0,6.0136829662323,low-bw,10ms,no-loss
5MB,0,19.10460889816284,low-bw,10ms,no-loss
5MB,0,18.304134016036986,low-bw,10ms,no-loss
5MB,0,47.06947005271912,low-bw,10ms,no-loss
5MB,0,17.84680498123169,low-bw,10ms,no-loss
5MB,0,17.126038913726806,low-bw,10ms,no-loss
5MB,0,14.787495975494384,low-bw,10ms,no-loss
5MB,0,18.239004020690917,low-bw,10ms,no-loss
20MB,0,38.298036937713626,low-bw,10ms,no-loss
20MB,0,38.613597040176394,low-bw,10ms,no-loss
20MB,0,19.279638891220092,low-bw,10ms,no-loss
20MB,0,19.126016025543212,low-bw,10ms,no-loss
20MB,0,19.50486982345581,low-bw,10ms,no-loss
20MB,0,38.73160303115845,low-bw,10ms,no-loss
20MB,0,38.64819396018982,low-bw,10ms,no-loss
20MB,256,117.39880979537963,low-bw,10ms,no-loss
20MB,0,20.304921989440917,low-bw,10ms,no-loss
20MB,0,28.799705152511596,low-bw,10ms,no-loss
20MB,256,117.49141204833984,low-bw,10ms,no-loss
20MB,0,35.7879179763794,low-bw,10ms,no-loss
20MB,0,20.10053790092468,low-bw,10ms,no-loss
20MB,0,38.4245568561554,low-bw,10ms,no-loss
20MB,0,36.35516798973084,low-bw,10ms,no-loss
20MB,0,36.79090083122254,low-bw,10ms,no-loss
20MB,256,117.29285490989685,low-bw,10ms,no-loss
20MB,0,19.456448917388915,low-bw,10ms,no-loss
20MB,0,33.83908093452454,low-bw,10ms,no-loss
20MB,0,35.67601502418518,low-bw,10ms,no-loss
20MB,0,19.8392969417572,low-bw,10ms,no-loss
20MB,0,61.801012163162234,low-bw,10ms,no-loss
20MB,0,39.44198310852051,low-bw,10ms,no-loss
20MB,0,19.100709085464477,low-bw,10ms,no-loss
20MB,0,37.64891303062439,low-bw,10ms,no-loss
50MB,256,117.39499700546264,low-bw,10ms,no-loss
50MB,0,46.942473058700564,low-bw,10ms,no-loss
50MB,0,46.5597149181366,low-bw,10ms,no-loss
50MB,0,46.44656312942505,low-bw,10ms,no-loss
50MB,256,117.45996892929077,low-bw,10ms,no-loss
50MB,0,46.768567924499514,low-bw,10ms,no-loss
50MB,256,117.501187210083,low-bw,10ms,no-loss
50MB,256,90.58417094230651,low-bw,10ms,no-loss
50MB,256,117.51133597373962,low-bw,10ms,no-loss
50MB,256,117.46460998535156,low-bw,10ms,no-loss
50MB,0,46.85797012329102,low-bw,10ms,no-loss
50MB,256,117.44996512413024,low-bw,10ms,no-loss
50MB,256,117.52217495918273,low-bw,10ms,no-loss
50MB,256,117.46600497245788,low-bw,10ms,no-loss
50MB,0,47.083965902328494,low-bw,10ms,no-loss
50MB,256,117.45193994522094,low-bw,10ms,no-loss
50MB,0,46.45886290550232,low-bw,10ms,no-loss
50MB,0,46.217224006652835,low-bw,10ms,no-loss
50MB,256,117.50097883224487,low-bw,10ms,no-loss
50MB,0,46.54355299949646,low-bw,10ms,no-loss
50MB,256,117.49811804771423,low-bw,10ms,no-loss
50MB,256,117.47401297569274,low-bw,10ms,no-loss
50MB,256,117.48178518295288,low-bw,10ms,no-loss
50MB,256,117.45987093925476,low-bw,10ms,no-loss
50MB,0,57.855486993789675,low-bw,10ms,no-loss
5MB,0,21.243610982894896,low-bw,15ms,no-loss
5MB,0,32.84709203720093,low-bw,15ms,no-loss
5MB,256,117.07498109817504,low-bw,15ms,no-loss
5MB,0,22.211333875656127,low-bw,15ms,no-loss
5MB,0,8.837525968551635,low-bw,15ms,no-loss
5MB,0,33.608936910629275,low-bw,15ms,no-loss
5MB,0,31.938890104293822,low-bw,15ms,no-loss
5MB,256,117.04787910461425,low-bw,15ms,no-loss
5MB,0,7.13036096572876,low-bw,15ms,no-loss
5MB,0,28.60099494934082,low-bw,15ms,no-loss
5MB,0,7.414509897232056,low-bw,15ms,no-loss
5MB,0,7.178877000808716,low-bw,15ms,no-loss
5MB,0,33.225548868179324,low-bw,15ms,no-loss
5MB,0,31.132738952636718,low-bw,15ms,no-loss
5MB,0,7.127722864151001,low-bw,15ms,no-loss
5MB,256,117.05950081825256,low-bw,15ms,no-loss
5MB,0,37.603066806793215,low-bw,15ms,no-loss
5MB,0,23.191902046203612,low-bw,15ms,no-loss
5MB,0,32.78521097183228,low-bw,15ms,no-loss
5MB,0,7.139389877319336,low-bw,15ms,no-loss
5MB,0,32.28091395378113,low-bw,15ms,no-loss
5MB,0,32.4923788356781,low-bw,15ms,no-loss
5MB,0,28.84313405036926,low-bw,15ms,no-loss
5MB,0,7.22495210647583,low-bw,15ms,no-loss
5MB,0,8.203121070861815,low-bw,15ms,no-loss
20MB,0,20.99178398132324,low-bw,15ms,no-loss
20MB,256,117.0232249546051,low-bw,15ms,no-loss
20MB,256,117.07947099685668,low-bw,15ms,no-loss
20MB,0,54.13785899162293,low-bw,15ms,no-loss
20MB,0,21.306249027252196,low-bw,15ms,no-loss
20MB,0,50.52827394485474,low-bw,15ms,no-loss
20MB,0,24.42271411895752,low-bw,15ms,no-loss
20MB,256,117.12216508865356,low-bw,15ms,no-loss
20MB,256,116.92325008392334,low-bw,15ms,no-loss
20MB,0,20.928964023590087,low-bw,15ms,no-loss
20MB,0,20.9922829914093,low-bw,15ms,no-loss
20MB,0,48.90125096321106,low-bw,15ms,no-loss
20MB,0,89.4502269077301,low-bw,15ms,no-loss
20MB,0,20.878469829559325,low-bw,15ms,no-loss
20MB,0,53.68926895141602,low-bw,15ms,no-loss
20MB,256,117.1035779762268,low-bw,15ms,no-loss
20MB,256,117.07052410125732,low-bw,15ms,no-loss
20MB,0,54.51846802711487,low-bw,15ms,no-loss
20MB,256,117.07082808494567,low-bw,15ms,no-loss
20MB,0,21.53761113166809,low-bw,15ms,no-loss
20MB,256,116.99672782897949,low-bw,15ms,no-loss
20MB,256,90.86870205879211,low-bw,15ms,no-loss
20MB,256,117.06165397644043,low-bw,15ms,no-loss
20MB,256,117.06115711212158,low-bw,15ms,no-loss
20MB,0,20.951949005126952,low-bw,15ms,no-loss
50MB,256,117.05447113990783,low-bw,15ms,no-loss
50MB,0,48.344768886566165,low-bw,15ms,no-loss
50MB,256,116.81760204315185,low-bw,15ms,no-loss
50MB,256,117.08083212852478,low-bw,15ms,no-loss
50MB,256,117.07152688980102,low-bw,15ms,no-loss
50MB,0,48.53612292289734,low-bw,15ms,no-loss
50MB,0,48.68282807350159,low-bw,15ms,no-loss
50MB,0,48.353286867141726,low-bw,15ms,no-loss
50MB,0,48.31141293525696,low-bw,15ms,no-loss
50MB,256,117.0087260055542,low-bw,15ms,no-loss
50MB,256,117.06863296508789,low-bw,15ms,no-loss
50MB,256,117.09336579322814,low-bw,15ms,no-loss
50MB,0,77.97541487693786,low-bw,15ms,no-loss
50MB,256,117.05863702774047,low-bw,15ms,no-loss
50MB,256,117.03629911422729,low-bw,15ms,no-loss
50MB,256,117.09274590492248,low-bw,15ms,no-loss
50MB,256,117.05649912834167,low-bw,15ms,no-loss
50MB,0,48.33902681350708,low-bw,15ms,no-loss
50MB,256,117.08506405830383,low-bw,15ms,no-loss
50MB,0,48.58171308517456,low-bw,15ms,no-loss
50MB,0,48.39720714569092,low-bw,15ms,no-loss
50MB,256,117.05166519165039,low-bw,15ms,no-loss
50MB,0,48.57634199142456,low-bw,15ms,no-loss
50MB,256,117.03998888015747,low-bw,15ms,no-loss
50MB,256,117.07980001449585,low-bw,15ms,no-loss
5MB,0,10.665507917404174,low-bw,5ms,min-loss
5MB,0,9.874216918945312,low-bw,5ms,min-loss
5MB,0,39.89674294471741,low-bw,5ms,min-loss
5MB,0,9.771650915145873,low-bw,5ms,min-loss
5MB,0,11.365630989074706,low-bw,5ms,min-loss
5MB,0,10.859518175125121,low-bw,5ms,min-loss
5MB,-2,-3.12,low-bw,5ms,min-loss
5MB,0,10.45416296005249,low-bw,5ms,min-loss
5MB,0,11.515137796401977,low-bw,5ms,min-loss
5MB,-2,-3.12,low-bw,5ms,min-loss
5MB,0,10.751510982513427,low-bw,5ms,min-loss
5MB,0,10.572609071731566,low-bw,5ms,min-loss
5MB,0,11.007875089645385,low-bw,5ms,min-loss
5MB,0,10.730563049316405,low-bw,5ms,min-loss
5MB,0,11.019559984207152,low-bw,5ms,min-loss
5MB,0,12.652089958190917,low-bw,5ms,min-loss
5MB,256,-0.29093682289123546,low-bw,5ms,min-loss
5MB,0,10.741080169677733,low-bw,5ms,min-loss
5MB,0,13.865281944274901,low-bw,5ms,min-loss
5MB,256,6.156671171188354,low-bw,5ms,min-loss
5MB,0,9.64076292991638,low-bw,5ms,min-loss
5MB,-2,-3.12,low-bw,5ms,min-loss
5MB,0,40.08213603973389,low-bw,5ms,min-loss
5MB,0,9.825056915283202,low-bw,5ms,min-loss
5MB,0,9.357922916412353,low-bw,5ms,min-loss
20MB,0,43.070469026565554,low-bw,5ms,min-loss
20MB,256,0.8323580074310302,low-bw,5ms,min-loss
20MB,0,43.33224809646607,low-bw,5ms,min-loss
20MB,0,48.122019891738894,low-bw,5ms,min-loss
20MB,0,40.205552940368655,low-bw,5ms,min-loss
20MB,0,70.07443798065185,low-bw,5ms,min-loss
20MB,-2,-3.12,low-bw,5ms,min-loss
20MB,0,71.839321975708,low-bw,5ms,min-loss
20MB,-2,-3.12,low-bw,5ms,min-loss
20MB,256,24.929540996551513,low-bw,5ms,min-loss
20MB,0,43.574380044937136,low-bw,5ms,min-loss
20MB,256,37.01539505004883,low-bw,5ms,min-loss
20MB,0,41.284282808303836,low-bw,5ms,min-loss
20MB,-2,-3.12,low-bw,5ms,min-loss
20MB,0,43.69526398658753,low-bw,5ms,min-loss
20MB,0,46.734658842086795,low-bw,5ms,min-loss
20MB,256,15.109508876800536,low-bw,5ms,min-loss
20MB,0,76.62260115623474,low-bw,5ms,min-loss
20MB,0,43.16892707824707,low-bw,5ms,min-loss
20MB,0,74.76076400756835,low-bw,5ms,min-loss
20MB,0,40.59024298667908,low-bw,5ms,min-loss
20MB,0,39.92493403434754,low-bw,5ms,min-loss
20MB,0,40.213115816116336,low-bw,5ms,min-loss
20MB,0,42.094861869812014,low-bw,5ms,min-loss
20MB,0,40.30443895339966,low-bw,5ms,min-loss
50MB,256,117.91608298301696,low-bw,5ms,min-loss
50MB,256,117.91473496437072,low-bw,5ms,min-loss
50MB,256,117.9150260734558,low-bw,5ms,min-loss
50MB,256,117.91603410720825,low-bw,5ms,min-loss
50MB,256,117.92472208023071,low-bw,5ms,min-loss
50MB,256,117.91908896446228,low-bw,5ms,min-loss
50MB,256,117.90421903610229,low-bw,5ms,min-loss
50MB,256,117.90905797958374,low-bw,5ms,min-loss
50MB,256,117.90635192871093,low-bw,5ms,min-loss
50MB,-2,-3.12,low-bw,5ms,min-loss
50MB,256,107.91687214851379,low-bw,5ms,min-loss
50MB,256,117.93544400215148,low-bw,5ms,min-loss
50MB,256,117.90990889549255,low-bw,5ms,min-loss
50MB,256,117.90555203437805,low-bw,5ms,min-loss
50MB,256,117.90616715431213,low-bw,5ms,min-loss
50MB,-2,-3.12,low-bw,5ms,min-loss
50MB,256,107.89278901100158,low-bw,5ms,min-loss
50MB,-2,-3.12,low-bw,5ms,min-loss
50MB,-2,-3.12,low-bw,5ms,min-loss
50MB,256,98.03046310424804,low-bw,5ms,min-loss
50MB,256,8.702003841400145,low-bw,5ms,min-loss
50MB,256,117.9508270072937,low-bw,5ms,min-loss
50MB,256,117.90402091026306,low-bw,5ms,min-loss
50MB,256,117.92322981834411,low-bw,5ms,min-loss
50MB,256,117.9178201007843,low-bw,5ms,min-loss
5MB,256,117.28475583076477,low-bw,10ms,min-loss
5MB,256,117.50826704978942,low-bw,10ms,min-loss
5MB,-2,-3.12,low-bw,10ms,min-loss
5MB,-2,-3.12,low-bw,10ms,min-loss
5MB,256,97.15205085754394,low-bw,10ms,min-loss
5MB,256,8.52336609840393,low-bw,10ms,min-loss
5MB,-2,-3.12,low-bw,10ms,min-loss
5MB,256,107.30246007919311,low-bw,10ms,min-loss
5MB,256,117.48777187347412,low-bw,10ms,min-loss
5MB,256,117.44442189216613,low-bw,10ms,min-loss
5MB,256,117.50357807159423,low-bw,10ms,min-loss
5MB,256,117.50226605415344,low-bw,10ms,min-loss
5MB,256,117.36746514320373,low-bw,10ms,min-loss
5MB,256,117.47622001647949,low-bw,10ms,min-loss
5MB,256,117.47263682365417,low-bw,10ms,min-loss
5MB,-2,-3.12,low-bw,10ms,min-loss
5MB,256,107.22718322753906,low-bw,10ms,min-loss
5MB,256,117.47849596023559,low-bw,10ms,min-loss
5MB,-2,-3.12,low-bw,10ms,min-loss
5MB,256,107.3320981311798,low-bw,10ms,min-loss
5MB,256,117.4830249595642,low-bw,10ms,min-loss
5MB,-2,-3.12,low-bw,10ms,min-loss
5MB,256,107.33952796936035,low-bw,10ms,min-loss
5MB,256,117.46785009384155,low-bw,10ms,min-loss
5MB,256,117.48084509849548,low-bw,10ms,min-loss
20MB,256,117.50695693969726,low-bw,10ms,min-loss
20MB,256,117.46616995811462,low-bw,10ms,min-loss
20MB,256,117.48896205902099,low-bw,10ms,min-loss
20MB,256,117.47007811546325,low-bw,10ms,min-loss
20MB,256,41.14756596565247,low-bw,10ms,min-loss
20MB,256,117.48106897354126,low-bw,10ms,min-loss
20MB,256,117.47996604919433,low-bw,10ms,min-loss
20MB,256,117.5290409374237,low-bw,10ms,min-loss
20MB,256,117.50244987487793,low-bw,10ms,min-loss
20MB,256,117.43005717277526,low-bw,10ms,min-loss
20MB,256,117.49946201324462,low-bw,10ms,min-loss
20MB,256,117.41000497817993,low-bw,10ms,min-loss
20MB,256,117.49785507202148,low-bw,10ms,min-loss
20MB,256,117.48997200012207,low-bw,10ms,min-loss
20MB,-2,-3.12,low-bw,10ms,min-loss
20MB,256,107.27945816993713,low-bw,10ms,min-loss
20MB,256,117.50233591079711,low-bw,10ms,min-loss
20MB,256,117.48402798652648,low-bw,10ms,min-loss
20MB,256,117.4595509815216,low-bw,10ms,min-loss
20MB,256,117.58813202857971,low-bw,10ms,min-loss
20MB,256,117.48901594161987,low-bw,10ms,min-loss
20MB,256,117.48843396186828,low-bw,10ms,min-loss
20MB,-2,-3.12,low-bw,10ms,min-loss
20MB,256,107.26526892662048,low-bw,10ms,min-loss
20MB,256,117.49015510559082,low-bw,10ms,min-loss
50MB,256,117.47281516075134,low-bw,10ms,min-loss
50MB,256,117.52043593406677,low-bw,10ms,min-loss
50MB,-2,-3.12,low-bw,10ms,min-loss
50MB,256,97.60383999824523,low-bw,10ms,min-loss
50MB,256,117.47428000450134,low-bw,10ms,min-loss
50MB,256,117.52863181114196,low-bw,10ms,min-loss
50MB,256,117.50814402580261,low-bw,10ms,min-loss
50MB,256,117.45224583625793,low-bw,10ms,min-loss
50MB,256,117.45903099060058,low-bw,10ms,min-loss
50MB,256,117.4950689125061,low-bw,10ms,min-loss
50MB,256,117.50128615379333,low-bw,10ms,min-loss
50MB,256,117.48853219032287,low-bw,10ms,min-loss
50MB,-2,-3.12,low-bw,10ms,min-loss
50MB,256,107.38689601898193,low-bw,10ms,min-loss
50MB,256,117.46251404762268,low-bw,10ms,min-loss
50MB,256,117.48160899162292,low-bw,10ms,min-loss
50MB,256,117.47225702285766,low-bw,10ms,min-loss
50MB,256,117.48665893554687,low-bw,10ms,min-loss
50MB,-2,-3.12,low-bw,10ms,min-loss
50MB,256,107.28032410621643,low-bw,10ms,min-loss
50MB,256,117.48539293289184,low-bw,10ms,min-loss
50MB,256,117.51561105728149,low-bw,10ms,min-loss
50MB,256,117.48866713523864,low-bw,10ms,min-loss
50MB,256,117.48166811943054,low-bw,10ms,min-loss
50MB,256,117.4924141216278,low-bw,10ms,min-loss
5MB,256,116.52674615859985,low-bw,15ms,min-loss
5MB,256,117.09748995780944,low-bw,15ms,min-loss
5MB,-2,-3.12,low-bw,15ms,min-loss
5MB,256,106.67293298721313,low-bw,15ms,min-loss
5MB,256,116.82027709960937,low-bw,15ms,min-loss
5MB,256,117.0894337940216,low-bw,15ms,min-loss
5MB,-2,-3.12,low-bw,15ms,min-loss
5MB,256,106.63813102722168,low-bw,15ms,min-loss
5MB,256,117.05128992080688,low-bw,15ms,min-loss
5MB,256,117.0701888847351,low-bw,15ms,min-loss
5MB,-2,-3.12,low-bw,15ms,min-loss
5MB,-2,-3.12,low-bw,15ms,min-loss
5MB,256,96.25251305580139,low-bw,15ms,min-loss
5MB,-2,-3.12,low-bw,15ms,min-loss
5MB,256,106.66673791885376,low-bw,15ms,min-loss
5MB,256,117.08640802383422,low-bw,15ms,min-loss
5MB,256,117.11483800888061,low-bw,15ms,min-loss
5MB,256,117.06538212776184,low-bw,15ms,min-loss
5MB,256,117.04208505630493,low-bw,15ms,min-loss
5MB,256,117.07530892372131,low-bw,15ms,min-loss
5MB,256,117.05489385604858,low-bw,15ms,min-loss
5MB,256,117.06889999389648,low-bw,15ms,min-loss
5MB,256,117.09196889877319,low-bw,15ms,min-loss
5MB,256,117.09326088905334,low-bw,15ms,min-loss
5MB,256,117.07712901115417,low-bw,15ms,min-loss
20MB,-2,-3.12,low-bw,15ms,min-loss
20MB,256,106.73795497894287,low-bw,15ms,min-loss
20MB,-2,-3.12,low-bw,15ms,min-loss
20MB,256,106.85056698799133,low-bw,15ms,min-loss
20MB,-2,-3.12,low-bw,15ms,min-loss
20MB,256,106.6658510017395,low-bw,15ms,min-loss
20MB,256,117.02753198623657,low-bw,15ms,min-loss
20MB,-2,-3.12,low-bw,15ms,min-loss
20MB,256,106.71643913269043,low-bw,15ms,min-loss
20MB,256,117.10550797462463,low-bw,15ms,min-loss
20MB,256,117.07888710975647,low-bw,15ms,min-loss
20MB,256,117.05219400405883,low-bw,15ms,min-loss
20MB,256,117.06083000183105,low-bw,15ms,min-loss
20MB,256,117.05883205413818,low-bw,15ms,min-loss
20MB,256,117.08004796981811,low-bw,15ms,min-loss
20MB,256,117.0663009929657,low-bw,15ms,min-loss
20MB,-2,-3.12,low-bw,15ms,min-loss
20MB,256,106.64617193222045,low-bw,15ms,min-loss
20MB,256,117.0853701877594,low-bw,15ms,min-loss
20MB,256,117.0594650554657,low-bw,15ms,min-loss
20MB,256,117.08405602455139,low-bw,15ms,min-loss
20MB,256,116.93458283424377,low-bw,15ms,min-loss
20MB,256,117.10534608840942,low-bw,15ms,min-loss
20MB,256,116.91305006027221,low-bw,15ms,min-loss
20MB,-2,-3.12,low-bw,15ms,min-loss
50MB,256,106.6532810974121,low-bw,15ms,min-loss
50MB,256,117.11086190223693,low-bw,15ms,min-loss
50MB,256,117.04689920425415,low-bw,15ms,min-loss
50MB,256,117.08251178741455,low-bw,15ms,min-loss
50MB,256,117.08174503326416,low-bw,15ms,min-loss
50MB,256,117.08831394195556,low-bw,15ms,min-loss
50MB,256,117.10008609771728,low-bw,15ms,min-loss
50MB,256,117.03234303474426,low-bw,15ms,min-loss
50MB,256,117.06271684646606,low-bw,15ms,min-loss
50MB,256,117.03451216697692,low-bw,15ms,min-loss
50MB,256,117.06970704078674,low-bw,15ms,min-loss
50MB,256,116.9406951713562,low-bw,15ms,min-loss
50MB,256,117.07150114059448,low-bw,15ms,min-loss
50MB,256,117.04614818572998,low-bw,15ms,min-loss
50MB,256,117.09286582946777,low-bw,15ms,min-loss
50MB,256,117.07693779945373,low-bw,15ms,min-loss
50MB,256,117.155151014328,low-bw,15ms,min-loss
50MB,256,117.11260498046875,low-bw,15ms,min-loss
50MB,256,117.06104791641235,low-bw,15ms,min-loss
50MB,-2,-3.12,low-bw,15ms,min-loss
50MB,-2,-3.12,low-bw,15ms,min-loss
50MB,256,96.26327693939209,low-bw,15ms,min-loss
50MB,-2,-3.12,low-bw,15ms,min-loss
50MB,-2,-3.12,low-bw,15ms,min-loss
50MB,256,96.21029699325561,low-bw,15ms,min-loss
5MB,256,9.104427938461303,low-bw,5ms,hi-loss
5MB,0,22.726032857894896,low-bw,5ms,hi-loss
5MB,-2,-3.12,low-bw,5ms,hi-loss
5MB,-2,-3.12,low-bw,5ms,hi-loss
5MB,-2,-3.12,low-bw,5ms,hi-loss
5MB,0,18.66926920890808,low-bw,5ms,hi-loss
5MB,0,47.59932888031006,low-bw,5ms,hi-loss
5MB,-2,-3.12,low-bw,5ms,hi-loss
5MB,-2,-3.12,low-bw,5ms,hi-loss
5MB,0,-0.6974707794189454,low-bw,5ms,hi-loss
5MB,-2,-3.12,low-bw,5ms,hi-loss
5MB,-2,-3.12,low-bw,5ms,hi-loss
5MB,0,47.05276215553284,low-bw,5ms,hi-loss
5MB,256,19.262516860961913,low-bw,5ms,hi-loss
5MB,256,8.873954896926879,low-bw,5ms,hi-loss
5MB,-2,-3.12,low-bw,5ms,hi-loss
5MB,256,9.261767034530639,low-bw,5ms,hi-loss
5MB,256,8.804025058746337,low-bw,5ms,hi-loss
5MB,-2,-3.12,low-bw,5ms,hi-loss
5MB,0,24.473875169754027,low-bw,5ms,hi-loss
5MB,-2,-3.12,low-bw,5ms,hi-loss
5MB,0,16.77237594604492,low-bw,5ms,hi-loss
5MB,256,13.958121185302733,low-bw,5ms,hi-loss
5MB,-2,-3.12,low-bw,5ms,hi-loss
5MB,-2,-3.12,low-bw,5ms,hi-loss
20MB,-2,-3.12,low-bw,5ms,hi-loss
20MB,256,-0.5441819381713868,low-bw,5ms,hi-loss
20MB,256,34.32317698478699,low-bw,5ms,hi-loss
20MB,-2,-3.12,low-bw,5ms,hi-loss
20MB,-2,-3.12,low-bw,5ms,hi-loss
20MB,-2,-3.12,low-bw,5ms,hi-loss
20MB,-2,-3.12,low-bw,5ms,hi-loss
20MB,-2,-3.12,low-bw,5ms,hi-loss
20MB,256,1.6496149349212645,low-bw,5ms,hi-loss
20MB,-2,-3.12,low-bw,5ms,hi-loss
20MB,256,8.939196949005126,low-bw,5ms,hi-loss
20MB,256,44.92643607139588,low-bw,5ms,hi-loss
20MB,256,8.854192857742309,low-bw,5ms,hi-loss
20MB,-2,-3.12,low-bw,5ms,hi-loss
20MB,-2,-3.12,low-bw,5ms,hi-loss
20MB,-2,-3.12,low-bw,5ms,hi-loss
20MB,256,1.6218980598449706,low-bw,5ms,hi-loss
20MB,256,75.12512004852294,low-bw,5ms,hi-loss
20MB,-2,-3.12,low-bw,5ms,hi-loss
20MB,256,97.91111600875854,low-bw,5ms,hi-loss
20MB,-2,-3.12,low-bw,5ms,hi-loss
20MB,256,107.91716588020324,low-bw,5ms,hi-loss
20MB,-2,-3.12,low-bw,5ms,hi-loss
20MB,256,98.13607800483703,low-bw,5ms,hi-loss
20MB,256,117.92086589813232,low-bw,5ms,hi-loss
50MB,256,117.91907704353332,low-bw,5ms,hi-loss
50MB,-2,-3.12,low-bw,5ms,hi-loss
50MB,256,107.91801107406616,low-bw,5ms,hi-loss
50MB,256,117.93087804794311,low-bw,5ms,hi-loss
50MB,256,117.89923298835754,low-bw,5ms,hi-loss
50MB,256,117.90348399162292,low-bw,5ms,hi-loss
50MB,256,117.91437113761901,low-bw,5ms,hi-loss
50MB,256,117.90671813964843,low-bw,5ms,hi-loss
50MB,256,117.91682398796081,low-bw,5ms,hi-loss
50MB,256,117.92192113876342,low-bw,5ms,hi-loss
50MB,-2,-3.12,low-bw,5ms,hi-loss
50MB,256,107.86222303390502,low-bw,5ms,hi-loss
50MB,256,117.9061218547821,low-bw,5ms,hi-loss
50MB,256,117.90271199226379,low-bw,5ms,hi-loss
50MB,-2,-3.12,low-bw,5ms,hi-loss
50MB,-2,-3.12,low-bw,5ms,hi-loss
50MB,-2,-3.12,low-bw,5ms,hi-loss
50MB,256,88.15859592437744,low-bw,5ms,hi-loss
50MB,256,8.688003187179564,low-bw,5ms,hi-loss
50MB,256,8.861564044952392,low-bw,5ms,hi-loss
50MB,-2,-3.12,low-bw,5ms,hi-loss
50MB,-2,-3.12,low-bw,5ms,hi-loss
50MB,-2,-3.12,low-bw,5ms,hi-loss
50MB,256,87.88268507003784,low-bw,5ms,hi-loss
50MB,-2,-3.12,low-bw,5ms,hi-loss
5MB,-2,-3.12,low-bw,10ms,hi-loss
5MB,256,96.89831007003784,low-bw,10ms,hi-loss
5MB,-2,-3.12,low-bw,10ms,hi-loss
5MB,-2,-3.12,low-bw,10ms,hi-loss
5MB,256,87.36298406600952,low-bw,10ms,hi-loss
5MB,-2,-3.12,low-bw,10ms,hi-loss
5MB,256,107.4121078300476,low-bw,10ms,hi-loss
5MB,256,117.48894107818603,low-bw,10ms,hi-loss
5MB,-2,-3.12,low-bw,10ms,hi-loss
5MB,-2,-3.12,low-bw,10ms,hi-loss
5MB,256,97.1037708568573,low-bw,10ms,hi-loss
5MB,256,8.528438215255736,low-bw,10ms,hi-loss
5MB,-2,-3.12,low-bw,10ms,hi-loss
5MB,256,107.3885859298706,low-bw,10ms,hi-loss
5MB,256,117.50016201019287,low-bw,10ms,hi-loss
5MB,-2,-3.12,low-bw,10ms,hi-loss
5MB,256,107.37602603912353,low-bw,10ms,hi-loss
5MB,256,117.43011796951293,low-bw,10ms,hi-loss
5MB,-2,-3.12,low-bw,10ms,hi-loss
5MB,256,107.27131307601928,low-bw,10ms,hi-loss
5MB,256,117.49499309539794,low-bw,10ms,hi-loss
5MB,256,117.50634086608886,low-bw,10ms,hi-loss
5MB,-2,-3.12,low-bw,10ms,hi-loss
5MB,256,107.31141293525695,low-bw,10ms,hi-loss
5MB,-2,-3.12,low-bw,10ms,hi-loss
20MB,-2,-3.12,low-bw,10ms,hi-loss
20MB,256,97.0911210823059,low-bw,10ms,hi-loss
20MB,-2,-3.12,low-bw,10ms,hi-loss
20MB,256,97.63837421417236,low-bw,10ms,hi-loss
20MB,-2,-3.12,low-bw,10ms,hi-loss
20MB,256,107.19177401542663,low-bw,10ms,hi-loss
20MB,-2,-3.12,low-bw,10ms,hi-loss
20MB,256,107.35842907905578,low-bw,10ms,hi-loss
20MB,256,117.49420392990112,low-bw,10ms,hi-loss
20MB,256,117.49559700965881,low-bw,10ms,hi-loss
20MB,256,117.46425712585449,low-bw,10ms,hi-loss
20MB,256,117.49567687988281,low-bw,10ms,hi-loss
20MB,-2,-3.12,low-bw,10ms,hi-loss
20MB,256,107.35488713264465,low-bw,10ms,hi-loss
20MB,256,117.50086606025695,low-bw,10ms,hi-loss
20MB,-2,-3.12,low-bw,10ms,hi-loss
20MB,256,107.29025900840759,low-bw,10ms,hi-loss
20MB,256,117.39298809051513,low-bw,10ms,hi-loss
20MB,256,117.49904406547546,low-bw,10ms,hi-loss
20MB,256,117.4953039932251,low-bw,10ms,hi-loss
20MB,-2,-3.12,low-bw,10ms,hi-loss
20MB,256,107.33472908020019,low-bw,10ms,hi-loss
20MB,-2,-3.12,low-bw,10ms,hi-loss
20MB,256,107.33407104492187,low-bw,10ms,hi-loss
20MB,256,117.4758662033081,low-bw,10ms,hi-loss
50MB,-2,-3.12,low-bw,10ms,hi-loss
50MB,256,107.30459487915039,low-bw,10ms,hi-loss
50MB,256,117.48661602020263,low-bw,10ms,hi-loss
50MB,256,117.48034203529357,low-bw,10ms,hi-loss
50MB,-2,-3.12,low-bw,10ms,hi-loss
50MB,256,107.23432004928588,low-bw,10ms,hi-loss
50MB,256,31.331585054397582,low-bw,10ms,hi-loss
50MB,256,117.50069487571716,low-bw,10ms,hi-loss
50MB,-2,-3.12,low-bw,10ms,hi-loss
50MB,256,107.24706805229187,low-bw,10ms,hi-loss
50MB,-2,-3.12,low-bw,10ms,hi-loss
50MB,256,107.41268599510192,low-bw,10ms,hi-loss
50MB,-2,-3.12,low-bw,10ms,hi-loss
50MB,256,107.33292711257934,low-bw,10ms,hi-loss
50MB,-2,-3.12,low-bw,10ms,hi-loss
50MB,256,32.990642910003665,low-bw,10ms,hi-loss
50MB,256,72.79742396354675,low-bw,10ms,hi-loss
50MB,-2,-3.12,low-bw,10ms,hi-loss
50MB,-2,-3.12,low-bw,10ms,hi-loss
50MB,256,97.08514512062072,low-bw,10ms,hi-loss
50MB,256,8.633893136978148,low-bw,10ms,hi-loss
50MB,256,117.50084913253784,low-bw,10ms,hi-loss
50MB,256,117.47838795661926,low-bw,10ms,hi-loss
50MB,-2,-3.12,low-bw,10ms,hi-loss
50MB,256,107.36192811012268,low-bw,10ms,hi-loss
5MB,-2,-3.12,low-bw,15ms,hi-loss
5MB,256,105.37941086769104,low-bw,15ms,hi-loss
5MB,256,117.07219589233398,low-bw,15ms,hi-loss
5MB,256,34.210409049987796,low-bw,15ms,hi-loss
5MB,256,117.07877004623413,low-bw,15ms,hi-loss
5MB,-2,-3.12,low-bw,15ms,hi-loss
5MB,-2,-3.12,low-bw,15ms,hi-loss
5MB,-2,-3.12,low-bw,15ms,hi-loss
5MB,-2,-3.12,low-bw,15ms,hi-loss
5MB,256,75.37980187416076,low-bw,15ms,hi-loss
5MB,256,8.36122501373291,low-bw,15ms,hi-loss
5MB,-2,-3.12,low-bw,15ms,hi-loss
5MB,256,8.506857042312621,low-bw,15ms,hi-loss
5MB,256,96.12620604515075,low-bw,15ms,hi-loss
5MB,-2,-3.12,low-bw,15ms,hi-loss
5MB,-2,-3.12,low-bw,15ms,hi-loss
5MB,-2,-3.12,low-bw,15ms,hi-loss
5MB,-2,-3.12,low-bw,15ms,hi-loss
5MB,256,75.32840097427368,low-bw,15ms,hi-loss
5MB,-2,-3.12,low-bw,15ms,hi-loss
5MB,256,8.445385103225707,low-bw,15ms,hi-loss
5MB,256,8.425500993728637,low-bw,15ms,hi-loss
5MB,256,85.74516213417053,low-bw,15ms,hi-loss
5MB,256,117.09304488182067,low-bw,15ms,hi-loss
5MB,256,117.07711995124816,low-bw,15ms,hi-loss
20MB,-2,-3.12,low-bw,15ms,hi-loss
20MB,256,97.17014897346496,low-bw,15ms,hi-loss
20MB,256,117.06487811088562,low-bw,15ms,hi-loss
20MB,256,117.07507598876953,low-bw,15ms,hi-loss
20MB,256,117.05327308654785,low-bw,15ms,hi-loss
20MB,256,117.05726612091064,low-bw,15ms,hi-loss
20MB,256,117.07333386421203,low-bw,15ms,hi-loss
20MB,256,117.04625213623046,low-bw,15ms,hi-loss
20MB,256,117.11684477806091,low-bw,15ms,hi-loss
20MB,-2,-3.12,low-bw,15ms,hi-loss
20MB,256,106.71048486709594,low-bw,15ms,hi-loss
20MB,256,117.09096301078796,low-bw,15ms,hi-loss
20MB,-2,-3.12,low-bw,15ms,hi-loss
20MB,-2,-3.12,low-bw,15ms,hi-loss
20MB,256,96.19749010086059,low-bw,15ms,hi-loss
20MB,256,8.402020816802978,low-bw,15ms,hi-loss
20MB,-2,-3.12,low-bw,15ms,hi-loss
20MB,-2,-3.12,low-bw,15ms,hi-loss
20MB,256,96.25110090255737,low-bw,15ms,hi-loss
20MB,-2,-3.12,low-bw,15ms,hi-loss
20MB,256,97.06927407264709,low-bw,15ms,hi-loss
20MB,256,117.09470999717712,low-bw,15ms,hi-loss
20MB,256,117.06090391159057,low-bw,15ms,hi-loss
20MB,256,117.06218302726745,low-bw,15ms,hi-loss
20MB,256,117.03626287460327,low-bw,15ms,hi-loss
50MB,256,117.08660710334777,low-bw,15ms,hi-loss
50MB,256,117.09153807640075,low-bw,15ms,hi-loss
50MB,256,117.05921209335327,low-bw,15ms,hi-loss
50MB,256,117.0833429145813,low-bw,15ms,hi-loss
50MB,256,117.14260113716125,low-bw,15ms,hi-loss
50MB,-2,-3.12,low-bw,15ms,hi-loss
50MB,256,106.74006712913513,low-bw,15ms,hi-loss
50MB,-2,-3.12,low-bw,15ms,hi-loss
50MB,-2,-3.12,low-bw,15ms,hi-loss
50MB,256,96.39024293899536,low-bw,15ms,hi-loss
50MB,256,8.259292964935302,low-bw,15ms,hi-loss
50MB,256,117.0679379749298,low-bw,15ms,hi-loss
50MB,-2,-3.12,low-bw,15ms,hi-loss
50MB,-2,-3.12,low-bw,15ms,hi-loss
50MB,-2,-3.12,low-bw,15ms,hi-loss
50MB,-2,-3.12,low-bw,15ms,hi-loss
50MB,-2,-3.12,low-bw,15ms,hi-loss
50MB,256,64.99728286743164,low-bw,15ms,hi-loss
50MB,256,8.368765954971312,low-bw,15ms,hi-loss
50MB,256,8.280878906249999,low-bw,15ms,hi-loss
50MB,-2,-3.12,low-bw,15ms,hi-loss
50MB,256,8.478174095153808,low-bw,15ms,hi-loss
50MB,256,96.17167699813842,low-bw,15ms,hi-loss
50MB,-2,-3.12,low-bw,15ms,hi-loss
50MB,-2,-3.12,low-bw,15ms,hi-loss
5MB,0,2.8642281341552733,mid-bw,5ms,no-loss
5MB,0,0.8149949359893798,mid-bw,5ms,no-loss
5MB,0,2.5652638721466063,mid-bw,5ms,no-loss
5MB,0,2.2051919746398925,mid-bw,5ms,no-loss
5MB,0,2.305396919250488,mid-bw,5ms,no-loss
5MB,0,0.8326469707489013,mid-bw,5ms,no-loss
5MB,0,0.8448039340972899,mid-bw,5ms,no-loss
5MB,0,2.1110640811920165,mid-bw,5ms,no-loss
5MB,0,3.2982491302490233,mid-bw,5ms,no-loss
5MB,0,3.2109950828552245,mid-bw,5ms,no-loss
5MB,0,5.160339956283569,mid-bw,5ms,no-loss
5MB,0,2.810268049240112,mid-bw,5ms,no-loss
5MB,0,0.9414399909973143,mid-bw,5ms,no-loss
5MB,0,1.2047740268707274,mid-bw,5ms,no-loss
5MB,0,3.4028421688079833,mid-bw,5ms,no-loss
5MB,0,1.1392949867248534,mid-bw,5ms,no-loss
5MB,0,31.816457872390746,mid-bw,5ms,no-loss
5MB,0,3.9633451747894286,mid-bw,5ms,no-loss
5MB,0,2.001587038040161,mid-bw,5ms,no-loss
5MB,256,0.5544961738586425,mid-bw,5ms,no-loss
5MB,0,9.260434989929198,mid-bw,5ms,no-loss
5MB,0,3.2530289936065673,mid-bw,5ms,no-loss
5MB,0,2.6025279808044433,mid-bw,5ms,no-loss
5MB,0,2.337263946533203,mid-bw,5ms,no-loss
5MB,0,3.2525478649139403,mid-bw,5ms,no-loss
20MB,0,35.857750778198245,mid-bw,5ms,no-loss
20MB,0,6.803107862472534,mid-bw,5ms,no-loss
20MB,0,6.448305969238281,mid-bw,5ms,no-loss
20MB,0,2.7150000381469725,mid-bw,5ms,no-loss
20MB,0,2.3569790172576903,mid-bw,5ms,no-loss
20MB,0,5.999960069656372,mid-bw,5ms,no-loss
20MB,0,2.399268989562988,mid-bw,5ms,no-loss
20MB,0,3.0521649169921874,mid-bw,5ms,no-loss
20MB,0,6.702788953781128,mid-bw,5ms,no-loss
20MB,0,7.106532936096191,mid-bw,5ms,no-loss
20MB,0,2.2966741371154784,mid-bw,5ms,no-loss
20MB,0,4.952060823440552,mid-bw,5ms,no-loss
20MB,0,36.85418594360352,mid-bw,5ms,no-loss
20MB,0,6.397405033111572,mid-bw,5ms,no-loss
20MB,0,5.406036024093628,mid-bw,5ms,no-loss
20MB,0,3.4077960300445556,mid-bw,5ms,no-loss
20MB,0,5.007697944641113,mid-bw,5ms,no-loss
20MB,0,5.25528920173645,mid-bw,5ms,no-loss
20MB,0,2.7236429500579833,mid-bw,5ms,no-loss
20MB,0,7.501186017990112,mid-bw,5ms,no-loss
20MB,0,35.593184833526614,mid-bw,5ms,no-loss
20MB,0,6.464900140762329,mid-bw,5ms,no-loss
20MB,0,7.094931011199951,mid-bw,5ms,no-loss
20MB,0,6.18593991279602,mid-bw,5ms,no-loss
20MB,0,4.258002882003784,mid-bw,5ms,no-loss
50MB,0,12.71281111717224,mid-bw,5ms,no-loss
50MB,0,12.206161861419677,mid-bw,5ms,no-loss
50MB,0,5.448984985351562,mid-bw,5ms,no-loss
50MB,0,9.200264816284179,mid-bw,5ms,no-loss
50MB,0,10.669273023605346,mid-bw,5ms,no-loss
50MB,0,10.817177896499633,mid-bw,5ms,no-loss
50MB,0,12.653262977600097,mid-bw,5ms,no-loss
50MB,0,7.338059787750244,mid-bw,5ms,no-loss
50MB,0,14.675253992080687,mid-bw,5ms,no-loss
50MB,0,13.105425958633422,mid-bw,5ms,no-loss
50MB,0,40.83447182655335,mid-bw,5ms,no-loss
50MB,0,10.518656854629516,mid-bw,5ms,no-loss
50MB,0,7.657981996536255,mid-bw,5ms,no-loss
50MB,0,14.159886960983275,mid-bw,5ms,no-loss
50MB,0,12.106184844970702,mid-bw,5ms,no-loss
50MB,0,15.985424880981444,mid-bw,5ms,no-loss
50MB,0,23.16734803199768,mid-bw,5ms,no-loss
50MB,0,16.52913487434387,mid-bw,5ms,no-loss
50MB,0,41.74938285827637,mid-bw,5ms,no-loss
50MB,0,14.976611022949218,mid-bw,5ms,no-loss
50MB,0,16.257049207687377,mid-bw,5ms,no-loss
50MB,0,6.355917816162109,mid-bw,5ms,no-loss
50MB,0,14.614421014785766,mid-bw,5ms,no-loss
50MB,0,40.68388116836548,mid-bw,5ms,no-loss
50MB,0,10.815878992080687,mid-bw,5ms,no-loss
5MB,0,17.75851095199585,mid-bw,10ms,no-loss
5MB,0,17.541455154418944,mid-bw,10ms,no-loss
5MB,0,16.016612892150878,mid-bw,10ms,no-loss
5MB,0,17.699113969802855,mid-bw,10ms,no-loss
5MB,0,17.624164943695067,mid-bw,10ms,no-loss
5MB,0,16.194751863479613,mid-bw,10ms,no-loss
5MB,0,17.59373987197876,mid-bw,10ms,no-loss
5MB,0,32.15250409126282,mid-bw,10ms,no-loss
5MB,0,16.935362939834594,mid-bw,10ms,no-loss
5MB,0,21.636976842880248,mid-bw,10ms,no-loss
5MB,0,17.70400918006897,mid-bw,10ms,no-loss
5MB,0,17.79034412384033,mid-bw,10ms,no-loss
5MB,0,3.3858720111846923,mid-bw,10ms,no-loss
5MB,0,17.689977054595946,mid-bw,10ms,no-loss
5MB,0,27.945407037734984,mid-bw,10ms,no-loss
5MB,0,47.16594517707825,mid-bw,10ms,no-loss
5MB,0,50.282143955230715,mid-bw,10ms,no-loss
5MB,0,17.941514139175414,mid-bw,10ms,no-loss
5MB,0,18.548232202529906,mid-bw,10ms,no-loss
5MB,0,17.897513036727904,mid-bw,10ms,no-loss
5MB,0,47.01393592834473,mid-bw,10ms,no-loss
5MB,0,2.7548421669006347,mid-bw,10ms,no-loss
5MB,0,29.601170902252196,mid-bw,10ms,no-loss
5MB,0,45.798007850646975,mid-bw,10ms,no-loss
5MB,0,16.268720989227294,mid-bw,10ms,no-loss
20MB,0,38.533341054916384,mid-bw,10ms,no-loss
20MB,0,36.699825887680056,mid-bw,10ms,no-loss
20MB,0,38.56430304527283,mid-bw,10ms,no-loss
20MB,0,5.24871600151062,mid-bw,10ms,no-loss
20MB,0,42.138315801620486,mid-bw,10ms,no-loss
20MB,256,117.49146402359008,mid-bw,10ms,no-loss
20MB,0,5.68546498298645,mid-bw,10ms,no-loss
20MB,0,37.96611297607422,mid-bw,10ms,no-loss
20MB,0,38.11973798751831,mid-bw,10ms,no-loss
20MB,0,5.392661933898926,mid-bw,10ms,no-loss
20MB,0,67.93908012390136,mid-bw,10ms,no-loss
20MB,0,34.89127314567566,mid-bw,10ms,no-loss
20MB,256,117.4974259185791,mid-bw,10ms,no-loss
20MB,0,38.00098097801209,mid-bw,10ms,no-loss
20MB,0,37.84340799331665,mid-bw,10ms,no-loss
20MB,0,37.959342126846316,mid-bw,10ms,no-loss
20MB,0,5.409314994812012,mid-bw,10ms,no-loss
20MB,0,49.864425067901614,mid-bw,10ms,no-loss
20MB,0,37.123426084518435,mid-bw,10ms,no-loss
20MB,256,117.62197912216186,mid-bw,10ms,no-loss
20MB,0,6.739611988067627,mid-bw,10ms,no-loss
20MB,0,49.17437017440796,mid-bw,10ms,no-loss
20MB,0,36.342780952453616,mid-bw,10ms,no-loss
20MB,256,117.47395694732666,mid-bw,10ms,no-loss
20MB,0,5.301427011489868,mid-bw,10ms,no-loss
50MB,0,10.593571071624755,mid-bw,10ms,no-loss
50MB,256,117.49582398414611,mid-bw,10ms,no-loss
50MB,256,117.50144589424133,mid-bw,10ms,no-loss
50MB,256,117.4781740951538,mid-bw,10ms,no-loss
50MB,256,90.55690014839172,mid-bw,10ms,no-loss
50MB,0,11.102439050674437,mid-bw,10ms,no-loss
50MB,0,10.350918893814086,mid-bw,10ms,no-loss
50MB,0,10.190322046279906,mid-bw,10ms,no-loss
50MB,0,10.261216049194335,mid-bw,10ms,no-loss
50MB,0,11.001223926544188,mid-bw,10ms,no-loss
50MB,256,89.4533540058136,mid-bw,10ms,no-loss
50MB,256,117.44044816970825,mid-bw,10ms,no-loss
50MB,0,10.39867914199829,mid-bw,10ms,no-loss
50MB,256,117.64778101921081,mid-bw,10ms,no-loss
50MB,256,117.49768698692321,mid-bw,10ms,no-loss
50MB,256,117.47469389915466,mid-bw,10ms,no-loss
50MB,256,117.51887119293212,mid-bw,10ms,no-loss
50MB,256,117.49791110038757,mid-bw,10ms,no-loss
50MB,0,10.242708806991576,mid-bw,10ms,no-loss
50MB,0,89.41071999549865,mid-bw,10ms,no-loss
50MB,0,10.89459002494812,mid-bw,10ms,no-loss
50MB,0,10.421263103485106,mid-bw,10ms,no-loss
50MB,256,89.47063792228698,mid-bw,10ms,no-loss
50MB,256,90.53645384788513,mid-bw,10ms,no-loss
50MB,0,16.031843786239623,mid-bw,10ms,no-loss
5MB,0,5.885913019180298,mid-bw,15ms,no-loss
5MB,0,5.427833204269409,mid-bw,15ms,no-loss
5MB,0,25.22397792816162,mid-bw,15ms,no-loss
5MB,0,33.568406944274905,mid-bw,15ms,no-loss
5MB,0,40.854744081497195,mid-bw,15ms,no-loss
5MB,0,34.82077491760254,mid-bw,15ms,no-loss
5MB,256,117.08863008499145,mid-bw,15ms,no-loss
5MB,0,37.47530115127564,mid-bw,15ms,no-loss
5MB,256,117.07479393959045,mid-bw,15ms,no-loss
5MB,0,41.336823825836184,mid-bw,15ms,no-loss
5MB,0,5.929606084823608,mid-bw,15ms,no-loss
5MB,0,40.548154001235964,mid-bw,15ms,no-loss
5MB,0,5.565802936553955,mid-bw,15ms,no-loss
5MB,256,117.13639200210571,mid-bw,15ms,no-loss
5MB,0,24.608749990463256,mid-bw,15ms,no-loss
5MB,0,67.85396993637085,mid-bw,15ms,no-loss
5MB,0,5.570500020980835,mid-bw,15ms,no-loss
5MB,256,117.03086913108825,mid-bw,15ms,no-loss
5MB,0,29.127780084609984,mid-bw,15ms,no-loss
5MB,0,36.48131311416626,mid-bw,15ms,no-loss
5MB,0,5.307893877029419,mid-bw,15ms,no-loss
5MB,0,5.321210031509399,mid-bw,15ms,no-loss
5MB,256,117.08296907424926,mid-bw,15ms,no-loss
5MB,0,5.430148010253906,mid-bw,15ms,no-loss
5MB,256,117.07417595863342,mid-bw,15ms,no-loss
20MB,256,117.09070909500122,mid-bw,15ms,no-loss
20MB,256,117.05468810081481,mid-bw,15ms,no-loss
20MB,0,41.52282083511353,mid-bw,15ms,no-loss
20MB,256,117.08228695869445,mid-bw,15ms,no-loss
20MB,256,117.08368719100952,mid-bw,15ms,no-loss
20MB,256,117.09410584449768,mid-bw,15ms,no-loss
20MB,256,117.03503692626953,mid-bw,15ms,no-loss
20MB,256,117.02592504501342,mid-bw,15ms,no-loss
20MB,0,12.443143014907836,mid-bw,15ms,no-loss
20MB,256,117.05681312561035,mid-bw,15ms,no-loss
20MB,0,11.342375879287719,mid-bw,15ms,no-loss
20MB,256,117.06396186828613,mid-bw,15ms,no-loss
20MB,256,117.02673590660095,mid-bw,15ms,no-loss
20MB,0,12.480233078002929,mid-bw,15ms,no-loss
20MB,256,117.07885611534118,mid-bw,15ms,no-loss
20MB,0,58.42240608215332,mid-bw,15ms,no-loss
20MB,256,117.0795530128479,mid-bw,15ms,no-loss
20MB,256,117.08569109916687,mid-bw,15ms,no-loss
20MB,256,117.0449990081787,mid-bw,15ms,no-loss
20MB,0,12.522027854919433,mid-bw,15ms,no-loss
20MB,256,116.91799986839294,mid-bw,15ms,no-loss
20MB,256,116.98502290725708,mid-bw,15ms,no-loss
20MB,0,11.232675914764403,mid-bw,15ms,no-loss
20MB,256,117.07919395446777,mid-bw,15ms,no-loss
20MB,0,11.265705947875976,mid-bw,15ms,no-loss
50MB,256,117.00517189979553,mid-bw,15ms,no-loss
50MB,0,20.51441205024719,mid-bw,15ms,no-loss
50MB,256,117.06660497665405,mid-bw,15ms,no-loss
50MB,256,117.02397192001342,mid-bw,15ms,no-loss
50MB,256,117.08141005516052,mid-bw,15ms,no-loss
50MB,256,117.13512909889221,mid-bw,15ms,no-loss
50MB,0,23.41857421875,mid-bw,15ms,no-loss
50MB,256,117.08843911170959,mid-bw,15ms,no-loss
50MB,0,24.073652153015136,mid-bw,15ms,no-loss
50MB,256,117.04371297836303,mid-bw,15ms,no-loss
50MB,0,59.60297596931458,mid-bw,15ms,no-loss
50MB,256,116.97961414337158,mid-bw,15ms,no-loss
50MB,0,25.461212043762206,mid-bw,15ms,no-loss
50MB,0,24.859729175567626,mid-bw,15ms,no-loss
50MB,0,26.00189221382141,mid-bw,15ms,no-loss
50MB,256,117.0913230228424,mid-bw,15ms,no-loss
50MB,256,117.07916486740112,mid-bw,15ms,no-loss
50MB,0,26.91168201446533,mid-bw,15ms,no-loss
50MB,256,117.05360210418701,mid-bw,15ms,no-loss
50MB,0,55.54637396812439,mid-bw,15ms,no-loss
50MB,256,117.07947385787963,mid-bw,15ms,no-loss
50MB,0,23.96252191543579,mid-bw,15ms,no-loss
50MB,0,23.045020942687987,mid-bw,15ms,no-loss
50MB,256,117.04888403892517,mid-bw,15ms,no-loss
50MB,256,117.08392417907714,mid-bw,15ms,no-loss
5MB,0,12.368406896591186,mid-bw,5ms,min-loss
5MB,0,9.459006910324096,mid-bw,5ms,min-loss
5MB,0,10.149704103469848,mid-bw,5ms,min-loss
5MB,0,40.11135614395142,mid-bw,5ms,min-loss
5MB,0,15.053032045364379,mid-bw,5ms,min-loss
5MB,0,39.30607092857361,mid-bw,5ms,min-loss
5MB,0,8.814268951416015,mid-bw,5ms,min-loss
5MB,0,9.512728815078734,mid-bw,5ms,min-loss
5MB,0,9.545723085403441,mid-bw,5ms,min-loss
5MB,0,13.152638082504271,mid-bw,5ms,min-loss
5MB,0,8.641826992034911,mid-bw,5ms,min-loss
5MB,-2,-3.12,mid-bw,5ms,min-loss
5MB,0,11.006435995101928,mid-bw,5ms,min-loss
5MB,0,9.565386896133422,mid-bw,5ms,min-loss
5MB,0,10.052775983810424,mid-bw,5ms,min-loss
5MB,0,39.67341292381287,mid-bw,5ms,min-loss
5MB,-2,-3.12,mid-bw,5ms,min-loss
5MB,0,9.513532047271728,mid-bw,5ms,min-loss
5MB,0,12.15601909637451,mid-bw,5ms,min-loss
5MB,-2,-3.12,mid-bw,5ms,min-loss
5MB,-2,-3.12,mid-bw,5ms,min-loss
5MB,0,10.10334313392639,mid-bw,5ms,min-loss
5MB,0,11.243946199417113,mid-bw,5ms,min-loss
5MB,0,10.668583040237426,mid-bw,5ms,min-loss
5MB,-2,-3.12,mid-bw,5ms,min-loss
20MB,-2,-3.12,mid-bw,5ms,min-loss
20MB,-2,-3.12,mid-bw,5ms,min-loss
20MB,256,32.215424900054934,mid-bw,5ms,min-loss
20MB,256,8.831538085937499,mid-bw,5ms,min-loss
20MB,0,44.391161088943484,mid-bw,5ms,min-loss
20MB,256,8.847780113220214,mid-bw,5ms,min-loss
20MB,256,8.872657184600829,mid-bw,5ms,min-loss
20MB,0,36.47567379951477,mid-bw,5ms,min-loss
20MB,0,39.11896098136902,mid-bw,5ms,min-loss
20MB,0,40.72616017341614,mid-bw,5ms,min-loss
20MB,0,66.06517589569091,mid-bw,5ms,min-loss
20MB,0,38.278123979568484,mid-bw,5ms,min-loss
20MB,0,39.22384083747864,mid-bw,5ms,min-loss
20MB,0,39.255877857208255,mid-bw,5ms,min-loss
20MB,0,41.271232013702395,mid-bw,5ms,min-loss
20MB,0,67.819532995224,mid-bw,5ms,min-loss
20MB,0,38.19521821022034,mid-bw,5ms,min-loss
20MB,0,76.78095520019531,mid-bw,5ms,min-loss
20MB,0,37.56017601966858,mid-bw,5ms,min-loss
20MB,0,34.20873010635376,mid-bw,5ms,min-loss
20MB,0,40.8320320892334,mid-bw,5ms,min-loss
20MB,0,66.86305106163024,mid-bw,5ms,min-loss
20MB,-2,-3.12,mid-bw,5ms,min-loss
20MB,0,36.86597002029419,mid-bw,5ms,min-loss
20MB,0,36.36284983634949,mid-bw,5ms,min-loss
50MB,256,22.31267297744751,mid-bw,5ms,min-loss
50MB,256,117.90637100219726,mid-bw,5ms,min-loss
50MB,-2,-3.12,mid-bw,5ms,min-loss
50MB,256,108.0435959148407,mid-bw,5ms,min-loss
50MB,256,117.89285910606384,mid-bw,5ms,min-loss
50MB,256,117.91550696372985,mid-bw,5ms,min-loss
50MB,256,117.89684594154357,mid-bw,5ms,min-loss
50MB,256,117.91763890266418,mid-bw,5ms,min-loss
50MB,256,117.8941839981079,mid-bw,5ms,min-loss
50MB,256,117.88832509994506,mid-bw,5ms,min-loss
50MB,256,117.93443382263183,mid-bw,5ms,min-loss
50MB,256,117.8682788658142,mid-bw,5ms,min-loss
50MB,256,117.89782011985778,mid-bw,5ms,min-loss
50MB,256,117.90771306037902,mid-bw,5ms,min-loss
50MB,-2,-3.12,mid-bw,5ms,min-loss
50MB,256,107.88622391700744,mid-bw,5ms,min-loss
50MB,256,117.90373600006103,mid-bw,5ms,min-loss
50MB,-2,-3.12,mid-bw,5ms,min-loss
50MB,256,107.88343108177185,mid-bw,5ms,min-loss
50MB,256,117.9376901435852,mid-bw,5ms,min-loss
50MB,-2,-3.12,mid-bw,5ms,min-loss
50MB,-2,-3.12,mid-bw,5ms,min-loss
50MB,256,97.88815200805664,mid-bw,5ms,min-loss
50MB,256,8.82305920600891,mid-bw,5ms,min-loss
50MB,256,117.88487184524536,mid-bw,5ms,min-loss
5MB,256,117.22669089317321,mid-bw,10ms,min-loss
5MB,256,117.48485506057739,mid-bw,10ms,min-loss
5MB,256,117.48175585746765,mid-bw,10ms,min-loss
5MB,256,117.45575106620788,mid-bw,10ms,min-loss
5MB,256,117.50681078910827,mid-bw,10ms,min-loss
5MB,256,90.53200185775756,mid-bw,10ms,min-loss
5MB,256,117.49587691307067,mid-bw,10ms,min-loss
5MB,256,107.48255193710327,mid-bw,10ms,min-loss
5MB,256,117.44415796279907,mid-bw,10ms,min-loss
5MB,256,117.50138986587524,mid-bw,10ms,min-loss
5MB,256,117.48143208503723,mid-bw,10ms,min-loss
5MB,256,117.4496301460266,mid-bw,10ms,min-loss
5MB,256,117.49069893836975,mid-bw,10ms,min-loss
5MB,256,117.52026093482971,mid-bw,10ms,min-loss
5MB,256,117.47135508537292,mid-bw,10ms,min-loss
5MB,-2,-3.12,mid-bw,10ms,min-loss
5MB,-2,-3.12,mid-bw,10ms,min-loss
5MB,-2,-3.12,mid-bw,10ms,min-loss
5MB,256,86.81468594551086,mid-bw,10ms,min-loss
5MB,256,8.804391031265258,mid-bw,10ms,min-loss
5MB,256,8.453460102081298,mid-bw,10ms,min-loss
5MB,256,117.51542008399963,mid-bw,10ms,min-loss
5MB,256,117.45880401611328,mid-bw,10ms,min-loss
5MB,256,117.50592506408691,mid-bw,10ms,min-loss
5MB,256,117.4627510356903,mid-bw,10ms,min-loss
20MB,256,117.47568905830383,mid-bw,10ms,min-loss
20MB,256,117.46271312713623,mid-bw,10ms,min-loss
20MB,256,117.5190278339386,mid-bw,10ms,min-loss
20MB,256,117.48116100311279,mid-bw,10ms,min-loss
20MB,256,117.48292506217956,mid-bw,10ms,min-loss
20MB,256,117.49479496955871,mid-bw,10ms,min-loss
20MB,256,117.47810996055603,mid-bw,10ms,min-loss
20MB,256,117.42544711112976,mid-bw,10ms,min-loss
20MB,-2,-3.12,mid-bw,10ms,min-loss
20MB,256,107.28369200706481,mid-bw,10ms,min-loss
20MB,256,117.49680221557617,mid-bw,10ms,min-loss
20MB,-2,-3.12,mid-bw,10ms,min-loss
20MB,256,107.24471819877624,mid-bw,10ms,min-loss
20MB,256,117.44129813194274,mid-bw,10ms,min-loss
20MB,-2,-3.12,mid-bw,10ms,min-loss
20MB,256,107.32033694267272,mid-bw,10ms,min-loss
20MB,-2,-3.12,mid-bw,10ms,min-loss
20MB,256,107.32376587867736,mid-bw,10ms,min-loss
20MB,256,117.47666609764099,mid-bw,10ms,min-loss
20MB,256,117.466590051651,mid-bw,10ms,min-loss
20MB,256,117.48422086715698,mid-bw,10ms,min-loss
20MB,256,117.42237699508667,mid-bw,10ms,min-loss
20MB,256,117.53005779266357,mid-bw,10ms,min-loss
20MB,256,117.53291810035705,mid-bw,10ms,min-loss
20MB,256,117.48377311706543,mid-bw,10ms,min-loss
50MB,256,117.47167599678039,mid-bw,10ms,min-loss
50MB,-2,-3.12,mid-bw,10ms,min-loss
50MB,256,107.2725940990448,mid-bw,10ms,min-loss
50MB,-2,-3.12,mid-bw,10ms,min-loss
50MB,256,107.30131280899047,mid-bw,10ms,min-loss
50MB,256,117.48286092758178,mid-bw,10ms,min-loss
50MB,-2,-3.12,mid-bw,10ms,min-loss
50MB,256,107.44626200675964,mid-bw,10ms,min-loss
50MB,256,117.33440912246704,mid-bw,10ms,min-loss
50MB,256,117.49602807044982,mid-bw,10ms,min-loss
50MB,256,117.49384987831115,mid-bw,10ms,min-loss
50MB,256,117.46888101577758,mid-bw,10ms,min-loss
50MB,256,117.46720302581787,mid-bw,10ms,min-loss
50MB,-2,-3.12,mid-bw,10ms,min-loss
50MB,256,107.3006919670105,mid-bw,10ms,min-loss
50MB,256,117.40611398696899,mid-bw,10ms,min-loss
50MB,-2,-3.12,mid-bw,10ms,min-loss
50MB,256,107.35622108459472,mid-bw,10ms,min-loss
50MB,256,117.4668718624115,mid-bw,10ms,min-loss
50MB,256,117.4874571609497,mid-bw,10ms,min-loss
50MB,256,117.47360289573669,mid-bw,10ms,min-loss
50MB,256,117.48509204864501,mid-bw,10ms,min-loss
50MB,256,117.47369778633117,mid-bw,10ms,min-loss
50MB,-2,-3.12,mid-bw,10ms,min-loss
50MB,256,107.3136187839508,mid-bw,10ms,min-loss
5MB,-2,-3.12,mid-bw,15ms,min-loss
5MB,256,106.29879200935363,mid-bw,15ms,min-loss
5MB,256,117.04858506202697,mid-bw,15ms,min-loss
5MB,256,117.06064308166503,mid-bw,15ms,min-loss
5MB,256,117.09723198890686,mid-bw,15ms,min-loss
5MB,256,117.0501979637146,mid-bw,15ms,min-loss
5MB,256,117.06485713005065,mid-bw,15ms,min-loss
5MB,256,117.07460701942443,mid-bw,15ms,min-loss
5MB,-2,-3.12,mid-bw,15ms,min-loss
5MB,256,106.8277379322052,mid-bw,15ms,min-loss
5MB,256,117.05652201652526,mid-bw,15ms,min-loss
5MB,-2,-3.12,mid-bw,15ms,min-loss
5MB,256,97.09901416778564,mid-bw,15ms,min-loss
5MB,256,117.05301487922668,mid-bw,15ms,min-loss
5MB,256,90.51231706619262,mid-bw,15ms,min-loss
5MB,256,117.13194692611694,mid-bw,15ms,min-loss
5MB,256,116.98115885734558,mid-bw,15ms,min-loss
5MB,-2,-3.12,mid-bw,15ms,min-loss
5MB,256,106.65592015266418,mid-bw,15ms,min-loss
5MB,-2,-3.12,mid-bw,15ms,min-loss
5MB,256,106.51109493255615,mid-bw,15ms,min-loss
5MB,256,117.06774485588073,mid-bw,15ms,min-loss
5MB,256,117.07595599174499,mid-bw,15ms,min-loss
5MB,256,117.02557003974914,mid-bw,15ms,min-loss
5MB,256,117.06311405181884,mid-bw,15ms,min-loss
20MB,256,117.04695809364318,mid-bw,15ms,min-loss
20MB,256,117.0547350692749,mid-bw,15ms,min-loss
20MB,256,39.04150307655335,mid-bw,15ms,min-loss
20MB,256,117.00644004821777,mid-bw,15ms,min-loss
20MB,256,117.09626996994018,mid-bw,15ms,min-loss
20MB,256,117.00349390983581,mid-bw,15ms,min-loss
20MB,256,117.07006896018981,mid-bw,15ms,min-loss
20MB,256,117.05549300193786,mid-bw,15ms,min-loss
20MB,256,117.05239308357238,mid-bw,15ms,min-loss
20MB,256,117.07136595726013,mid-bw,15ms,min-loss
20MB,256,117.05947101593017,mid-bw,15ms,min-loss
20MB,256,117.0762969303131,mid-bw,15ms,min-loss
20MB,256,117.06680095672607,mid-bw,15ms,min-loss
20MB,256,117.06733978271484,mid-bw,15ms,min-loss
20MB,256,117.07411897659301,mid-bw,15ms,min-loss
20MB,256,116.95347512245178,mid-bw,15ms,min-loss
20MB,256,117.04070318222045,mid-bw,15ms,min-loss
20MB,256,117.00404704093933,mid-bw,15ms,min-loss
20MB,256,117.03521216392517,mid-bw,15ms,min-loss
20MB,256,117.0602110671997,mid-bw,15ms,min-loss
20MB,256,117.09503400802612,mid-bw,15ms,min-loss
20MB,256,117.0721579837799,mid-bw,15ms,min-loss
20MB,256,117.058071975708,mid-bw,15ms,min-loss
20MB,256,117.10511100769043,mid-bw,15ms,min-loss
20MB,256,117.08840907096862,mid-bw,15ms,min-loss
50MB,-2,-3.12,mid-bw,15ms,min-loss
50MB,256,106.76390612602233,mid-bw,15ms,min-loss
50MB,256,117.05469596862793,mid-bw,15ms,min-loss
50MB,256,117.05640614509582,mid-bw,15ms,min-loss
50MB,-2,-3.12,mid-bw,15ms,min-loss
50MB,256,106.71636403083801,mid-bw,15ms,min-loss
50MB,256,117.0591341304779,mid-bw,15ms,min-loss
50MB,256,117.07658708572387,mid-bw,15ms,min-loss
50MB,256,117.11768711090087,mid-bw,15ms,min-loss
50MB,256,117.08611906051635,mid-bw,15ms,min-loss
50MB,-2,-3.12,mid-bw,15ms,min-loss
50MB,256,106.64711893081665,mid-bw,15ms,min-loss
50MB,256,117.06588805198669,mid-bw,15ms,min-loss
50MB,256,117.04109609603881,mid-bw,15ms,min-loss
50MB,256,117.05620015144348,mid-bw,15ms,min-loss
50MB,-2,-3.12,mid-bw,15ms,min-loss
50MB,256,106.66561186790466,mid-bw,15ms,min-loss
50MB,256,117.07218587875366,mid-bw,15ms,min-loss
50MB,256,117.05709803581237,mid-bw,15ms,min-loss
50MB,256,117.08473098754882,mid-bw,15ms,min-loss
50MB,256,117.09211218833923,mid-bw,15ms,min-loss
50MB,256,117.03635204315185,mid-bw,15ms,min-loss
50MB,-2,-3.12,mid-bw,15ms,min-loss
50MB,256,106.62994111061096,mid-bw,15ms,min-loss
50MB,256,117.07955587387085,mid-bw,15ms,min-loss
5MB,0,17.292909984588622,mid-bw,5ms,hi-loss
5MB,-2,-3.12,mid-bw,5ms,hi-loss
5MB,-2,-3.12,mid-bw,5ms,hi-loss
5MB,-2,-3.12,mid-bw,5ms,hi-loss
5MB,0,21.90153491973877,mid-bw,5ms,hi-loss
5MB,-2,-3.12,mid-bw,5ms,hi-loss
5MB,0,25.10215485572815,mid-bw,5ms,hi-loss
5MB,256,8.45905101776123,mid-bw,5ms,hi-loss
5MB,256,8.83538592338562,mid-bw,5ms,hi-loss
5MB,-2,-3.12,mid-bw,5ms,hi-loss
5MB,256,9.057171945571898,mid-bw,5ms,hi-loss
5MB,-2,-3.12,mid-bw,5ms,hi-loss
5MB,0,21.834166889190673,mid-bw,5ms,hi-loss
5MB,-2,-3.12,mid-bw,5ms,hi-loss
5MB,0,17.74201500892639,mid-bw,5ms,hi-loss
5MB,0,35.858132963180545,mid-bw,5ms,hi-loss
5MB,0,18.71444285392761,mid-bw,5ms,hi-loss
5MB,0,-0.903479928970337,mid-bw,5ms,hi-loss
5MB,0,22.91104305267334,mid-bw,5ms,hi-loss
5MB,-2,-3.12,mid-bw,5ms,hi-loss
5MB,0,19.546488885879516,mid-bw,5ms,hi-loss
5MB,-2,-3.12,mid-bw,5ms,hi-loss
5MB,0,16.72253406524658,mid-bw,5ms,hi-loss
5MB,-2,-3.12,mid-bw,5ms,hi-loss
5MB,0,14.844715003967284,mid-bw,5ms,hi-loss
20MB,-2,-3.12,mid-bw,5ms,hi-loss
20MB,-2,-3.12,mid-bw,5ms,hi-loss
20MB,256,3.397524003982544,mid-bw,5ms,hi-loss
20MB,-2,-3.12,mid-bw,5ms,hi-loss
20MB,256,9.494182949066161,mid-bw,5ms,hi-loss
20MB,256,26.5691188621521,mid-bw,5ms,hi-loss
20MB,-2,-3.12,mid-bw,5ms,hi-loss
20MB,256,14.875695829391478,mid-bw,5ms,hi-loss
20MB,256,18.83856499671936,mid-bw,5ms,hi-loss
20MB,256,13.402584915161132,mid-bw,5ms,hi-loss
20MB,256,57.23166716575623,mid-bw,5ms,hi-loss
20MB,256,117.8985170173645,mid-bw,5ms,hi-loss
20MB,256,117.90724504470825,mid-bw,5ms,hi-loss
20MB,0,89.11582696914672,mid-bw,5ms,hi-loss
20MB,-2,-3.12,mid-bw,5ms,hi-loss
20MB,256,107.95102799415588,mid-bw,5ms,hi-loss
20MB,-2,-3.12,mid-bw,5ms,hi-loss
20MB,256,107.91246021270751,mid-bw,5ms,hi-loss
20MB,-2,-3.12,mid-bw,5ms,hi-loss
20MB,-2,-3.12,mid-bw,5ms,hi-loss
20MB,-2,-3.12,mid-bw,5ms,hi-loss
20MB,-2,-3.12,mid-bw,5ms,hi-loss
20MB,-2,-3.12,mid-bw,5ms,hi-loss
20MB,256,67.79320490837097,mid-bw,5ms,hi-loss
20MB,256,9.04277003288269,mid-bw,5ms,hi-loss
50MB,256,8.749163036346435,mid-bw,5ms,hi-loss
50MB,256,8.808953170776366,mid-bw,5ms,hi-loss
50MB,256,8.808519010543822,mid-bw,5ms,hi-loss
50MB,256,117.92267287254333,mid-bw,5ms,hi-loss
50MB,256,117.88865602493286,mid-bw,5ms,hi-loss
50MB,256,117.91323101997375,mid-bw,5ms,hi-loss
50MB,-2,-3.12,mid-bw,5ms,hi-loss
50MB,256,107.91432083129882,mid-bw,5ms,hi-loss
50MB,256,117.96264398574829,mid-bw,5ms,hi-loss
50MB,-2,-3.12,mid-bw,5ms,hi-loss
50MB,256,107.8824950504303,mid-bw,5ms,hi-loss
50MB,256,117.9270221042633,mid-bw,5ms,hi-loss
50MB,256,117.92042506217956,mid-bw,5ms,hi-loss
50MB,256,117.89862001419067,mid-bw,5ms,hi-loss
50MB,256,117.90535700798034,mid-bw,5ms,hi-loss
50MB,256,117.90133893966674,mid-bw,5ms,hi-loss
50MB,256,117.89117396354675,mid-bw,5ms,hi-loss
50MB,-2,-3.12,mid-bw,5ms,hi-loss
50MB,256,107.90526092529296,mid-bw,5ms,hi-loss
50MB,256,117.8974000263214,mid-bw,5ms,hi-loss
50MB,256,117.91244996070861,mid-bw,5ms,hi-loss
50MB,256,117.89511192321777,mid-bw,5ms,hi-loss
50MB,256,117.88424289703369,mid-bw,5ms,hi-loss
50MB,256,117.90697992324829,mid-bw,5ms,hi-loss
50MB,256,117.89677918434143,mid-bw,5ms,hi-loss
5MB,0,32.08856380462647,mid-bw,10ms,hi-loss
5MB,-2,-3.12,mid-bw,10ms,hi-loss
5MB,256,97.6413091468811,mid-bw,10ms,hi-loss
5MB,256,117.52637184143066,mid-bw,10ms,hi-loss
5MB,-2,-3.12,mid-bw,10ms,hi-loss
5MB,256,107.49887192726135,mid-bw,10ms,hi-loss
5MB,256,117.47576606750488,mid-bw,10ms,hi-loss
5MB,256,117.45634019851684,mid-bw,10ms,hi-loss
5MB,-2,-3.12,mid-bw,10ms,hi-loss
5MB,256,107.2428671169281,mid-bw,10ms,hi-loss
5MB,256,117.4587250995636,mid-bw,10ms,hi-loss
5MB,-2,-3.12,mid-bw,10ms,hi-loss
5MB,-2,-3.12,mid-bw,10ms,hi-loss
5MB,-2,-3.12,mid-bw,10ms,hi-loss
5MB,-2,-3.12,mid-bw,10ms,hi-loss
5MB,256,76.6550289440155,mid-bw,10ms,hi-loss
5MB,-2,-3.12,mid-bw,10ms,hi-loss
5MB,-2,-3.12,mid-bw,10ms,hi-loss
5MB,-2,-3.12,mid-bw,10ms,hi-loss
5MB,-2,-3.12,mid-bw,10ms,hi-loss
5MB,256,76.77011597633361,mid-bw,10ms,hi-loss
5MB,-2,-3.12,mid-bw,10ms,hi-loss
5MB,256,8.389213924407958,mid-bw,10ms,hi-loss
5MB,-2,-3.12,mid-bw,10ms,hi-loss
5MB,256,87.0395401763916,mid-bw,10ms,hi-loss
20MB,256,18.571695928573607,mid-bw,10ms,hi-loss
20MB,256,117.42766917228698,mid-bw,10ms,hi-loss
20MB,-2,-3.12,mid-bw,10ms,hi-loss
20MB,256,107.25258696556091,mid-bw,10ms,hi-loss
20MB,-2,-3.12,mid-bw,10ms,hi-loss
20MB,256,107.23389900207519,mid-bw,10ms,hi-loss
20MB,256,117.47844088554382,mid-bw,10ms,hi-loss
20MB,256,117.49452198028564,mid-bw,10ms,hi-loss
20MB,256,117.28045499801635,mid-bw,10ms,hi-loss
20MB,256,117.4931191253662,mid-bw,10ms,hi-loss
20MB,256,117.52128994941711,mid-bw,10ms,hi-loss
20MB,-2,-3.12,mid-bw,10ms,hi-loss
20MB,256,107.2668088722229,mid-bw,10ms,hi-loss
20MB,256,117.4964960861206,mid-bw,10ms,hi-loss
20MB,-2,-3.12,mid-bw,10ms,hi-loss
20MB,-2,-3.12,mid-bw,10ms,hi-loss
20MB,256,97.19543898582458,mid-bw,10ms,hi-loss
20MB,256,8.42566192626953,mid-bw,10ms,hi-loss
20MB,-2,-3.12,mid-bw,10ms,hi-loss
20MB,256,107.32925785064697,mid-bw,10ms,hi-loss
20MB,-2,-3.12,mid-bw,10ms,hi-loss
20MB,256,107.34376085281372,mid-bw,10ms,hi-loss
20MB,-2,-3.12,mid-bw,10ms,hi-loss
20MB,256,107.30764210700988,mid-bw,10ms,hi-loss
20MB,256,34.27859485626221,mid-bw,10ms,hi-loss
50MB,-2,-3.12,mid-bw,10ms,hi-loss
50MB,-2,-3.12,mid-bw,10ms,hi-loss
50MB,-2,-3.12,mid-bw,10ms,hi-loss
50MB,256,86.79083288192749,mid-bw,10ms,hi-loss
50MB,-2,-3.12,mid-bw,10ms,hi-loss
50MB,256,8.673144941329955,mid-bw,10ms,hi-loss
50MB,256,96.95983183860778,mid-bw,10ms,hi-loss
50MB,256,117.47225392341613,mid-bw,10ms,hi-loss
50MB,-2,-3.12,mid-bw,10ms,hi-loss
50MB,256,107.39849913597106,mid-bw,10ms,hi-loss
50MB,-2,-3.12,mid-bw,10ms,hi-loss
50MB,-2,-3.12,mid-bw,10ms,hi-loss
50MB,256,96.97719705581665,mid-bw,10ms,hi-loss
50MB,-2,-3.12,mid-bw,10ms,hi-loss
50MB,-2,-3.12,mid-bw,10ms,hi-loss
50MB,256,87.60496914863586,mid-bw,10ms,hi-loss
50MB,256,8.376946096420287,mid-bw,10ms,hi-loss
50MB,256,117.48968279838562,mid-bw,10ms,hi-loss
50MB,256,117.49299991607666,mid-bw,10ms,hi-loss
50MB,-2,-3.12,mid-bw,10ms,hi-loss
50MB,256,107.26061594963073,mid-bw,10ms,hi-loss
50MB,256,117.49176300048828,mid-bw,10ms,hi-loss
50MB,256,117.5092359828949,mid-bw,10ms,hi-loss
50MB,-2,-3.12,mid-bw,10ms,hi-loss
50MB,256,107.30550086975097,mid-bw,10ms,hi-loss
5MB,-2,-3.12,mid-bw,15ms,hi-loss
5MB,256,106.35071409225463,mid-bw,15ms,hi-loss
5MB,256,117.07847702980041,mid-bw,15ms,hi-loss
5MB,256,117.08458698272705,mid-bw,15ms,hi-loss
5MB,-2,-3.12,mid-bw,15ms,hi-loss
5MB,-2,-3.12,mid-bw,15ms,hi-loss
5MB,256,96.28119504928588,mid-bw,15ms,hi-loss
5MB,256,8.21223509788513,mid-bw,15ms,hi-loss
5MB,256,117.05503380775451,mid-bw,15ms,hi-loss
5MB,256,117.07966101646423,mid-bw,15ms,hi-loss
5MB,256,117.02546608924865,mid-bw,15ms,hi-loss
5MB,256,117.0486291694641,mid-bw,15ms,hi-loss
5MB,256,117.08616197586059,mid-bw,15ms,hi-loss
5MB,256,117.05154788970947,mid-bw,15ms,hi-loss
5MB,256,117.03910196304321,mid-bw,15ms,hi-loss
5MB,256,117.09669292449951,mid-bw,15ms,hi-loss
5MB,256,117.1008559513092,mid-bw,15ms,hi-loss
5MB,256,117.07743084907531,mid-bw,15ms,hi-loss
5MB,-2,-3.12,mid-bw,15ms,hi-loss
5MB,256,106.80380905151367,mid-bw,15ms,hi-loss
5MB,256,117.07365000724792,mid-bw,15ms,hi-loss
5MB,256,117.04566395759582,mid-bw,15ms,hi-loss
5MB,256,117.07197010993957,mid-bw,15ms,hi-loss
5MB,-2,-3.12,mid-bw,15ms,hi-loss
5MB,-2,-3.12,mid-bw,15ms,hi-loss
20MB,-2,-3.12,mid-bw,15ms,hi-loss
20MB,-2,-3.12,mid-bw,15ms,hi-loss
20MB,256,75.31097615242004,mid-bw,15ms,hi-loss
20MB,256,8.445467119216918,mid-bw,15ms,hi-loss
20MB,256,8.431267862319945,mid-bw,15ms,hi-loss
20MB,256,8.428096179962157,mid-bw,15ms,hi-loss
20MB,-2,-3.12,mid-bw,15ms,hi-loss
20MB,256,106.73063886642456,mid-bw,15ms,hi-loss
20MB,-2,-3.12,mid-bw,15ms,hi-loss
20MB,256,106.72912204742431,mid-bw,15ms,hi-loss
20MB,256,117.08284008979797,mid-bw,15ms,hi-loss
20MB,256,117.0788558769226,mid-bw,15ms,hi-loss
20MB,256,117.0639210987091,mid-bw,15ms,hi-loss
20MB,256,117.1061619567871,mid-bw,15ms,hi-loss
20MB,256,117.04900992393493,mid-bw,15ms,hi-loss
20MB,256,117.0652490901947,mid-bw,15ms,hi-loss
20MB,256,117.0575438785553,mid-bw,15ms,hi-loss
20MB,-2,-3.12,mid-bw,15ms,hi-loss
20MB,256,106.70380390167236,mid-bw,15ms,hi-loss
20MB,256,117.04303586959838,mid-bw,15ms,hi-loss
20MB,256,117.04037201881408,mid-bw,15ms,hi-loss
20MB,256,117.11874497413635,mid-bw,15ms,hi-loss
20MB,256,117.08731902122497,mid-bw,15ms,hi-loss
20MB,-2,-3.12,mid-bw,15ms,hi-loss
20MB,-2,-3.12,mid-bw,15ms,hi-loss
50MB,256,86.79964387893676,mid-bw,15ms,hi-loss
50MB,256,17.797500019073485,mid-bw,15ms,hi-loss
50MB,256,117.07280004501342,mid-bw,15ms,hi-loss
50MB,-2,-3.12,mid-bw,15ms,hi-loss
50MB,-2,-3.12,mid-bw,15ms,hi-loss
50MB,-2,-3.12,mid-bw,15ms,hi-loss
50MB,-2,-3.12,mid-bw,15ms,hi-loss
50MB,-2,-3.12,mid-bw,15ms,hi-loss
50MB,-2,-3.12,mid-bw,15ms,hi-loss
50MB,256,54.6452862071991,mid-bw,15ms,hi-loss
50MB,256,8.426224117279052,mid-bw,15ms,hi-loss
50MB,-2,-3.12,mid-bw,15ms,hi-loss
50MB,256,8.264352922439574,mid-bw,15ms,hi-loss
50MB,256,8.416026954650878,mid-bw,15ms,hi-loss
50MB,256,8.204678182601928,mid-bw,15ms,hi-loss
50MB,256,75.58182704925537,mid-bw,15ms,hi-loss
50MB,256,117.09043801307678,mid-bw,15ms,hi-loss
50MB,256,117.08769691467285,mid-bw,15ms,hi-loss
50MB,-2,-3.12,mid-bw,15ms,hi-loss
50MB,256,106.62766993522644,mid-bw,15ms,hi-loss
50MB,256,117.09818614006042,mid-bw,15ms,hi-loss
50MB,-2,-3.12,mid-bw,15ms,hi-loss
50MB,256,106.6667910861969,mid-bw,15ms,hi-loss
50MB,256,117.08245003700256,mid-bw,15ms,hi-loss
50MB,-2,-3.12,mid-bw,15ms,hi-loss
5MB,0,2.9648009586334227,hi-bw,5ms,no-loss
5MB,0,2.9517699527740477,hi-bw,5ms,no-loss
5MB,0,1.893322114944458,hi-bw,5ms,no-loss
5MB,0,2.098050956726074,hi-bw,5ms,no-loss
5MB,0,31.215880994796752,hi-bw,5ms,no-loss
5MB,0,2.455763940811157,hi-bw,5ms,no-loss
5MB,0,2.3913770961761474,hi-bw,5ms,no-loss
5MB,0,2.8440100002288817,hi-bw,5ms,no-loss
5MB,0,2.1599088954925536,hi-bw,5ms,no-loss
5MB,0,2.8089770126342772,hi-bw,5ms,no-loss
5MB,0,31.245127086639403,hi-bw,5ms,no-loss
5MB,0,9.15591586112976,hi-bw,5ms,no-loss
5MB,0,2.6046930599212645,hi-bw,5ms,no-loss
5MB,0,2.2449330139160155,hi-bw,5ms,no-loss
5MB,0,0.7386001396179198,hi-bw,5ms,no-loss
5MB,0,30.97248900413513,hi-bw,5ms,no-loss
5MB,0,3.0507170009613036,hi-bw,5ms,no-loss
5MB,0,3.1543659019470214,hi-bw,5ms,no-loss
5MB,0,31.159014110565185,hi-bw,5ms,no-loss
5MB,0,0.8970779228210448,hi-bw,5ms,no-loss
5MB,0,2.400576000213623,hi-bw,5ms,no-loss
5MB,0,0.6897329139709472,hi-bw,5ms,no-loss
5MB,0,3.1030639457702636,hi-bw,5ms,no-loss
5MB,0,0.607489948272705,hi-bw,5ms,no-loss
5MB,0,0.6984430599212645,hi-bw,5ms,no-loss
20MB,0,36.98300898551941,hi-bw,5ms,no-loss
20MB,0,5.70084584236145,hi-bw,5ms,no-loss
20MB,0,3.666253213882446,hi-bw,5ms,no-loss
20MB,0,33.59488690376282,hi-bw,5ms,no-loss
20MB,0,3.1585451412200927,hi-bw,5ms,no-loss
20MB,0,3.9736620235443114,hi-bw,5ms,no-loss
20MB,0,6.149876003265381,hi-bw,5ms,no-loss
20MB,0,6.901604061126709,hi-bw,5ms,no-loss
20MB,0,7.960962896347046,hi-bw,5ms,no-loss
20MB,0,2.99788010597229,hi-bw,5ms,no-loss
20MB,0,6.158337955474853,hi-bw,5ms,no-loss
20MB,0,6.363152866363525,hi-bw,5ms,no-loss
20MB,0,7.049305086135864,hi-bw,5ms,no-loss
20MB,0,7.350728874206543,hi-bw,5ms,no-loss
20MB,0,6.201701049804687,hi-bw,5ms,no-loss
20MB,0,7.200116996765137,hi-bw,5ms,no-loss
20MB,0,32.41651094436646,hi-bw,5ms,no-loss
20MB,0,5.656104927062988,hi-bw,5ms,no-loss
20MB,0,35.99150693893433,hi-bw,5ms,no-loss
20MB,0,31.705599908828734,hi-bw,5ms,no-loss
20MB,0,2.623117094039917,hi-bw,5ms,no-loss
20MB,0,34.942786102294924,hi-bw,5ms,no-loss
20MB,0,8.347413902282714,hi-bw,5ms,no-loss
20MB,0,6.371515874862671,hi-bw,5ms,no-loss
20MB,0,35.53888500213623,hi-bw,5ms,no-loss
50MB,0,15.628402833938598,hi-bw,5ms,no-loss
50MB,0,15.209721927642821,hi-bw,5ms,no-loss
50MB,0,16.55970585823059,hi-bw,5ms,no-loss
50MB,0,13.657370929718017,hi-bw,5ms,no-loss
50MB,0,15.161661987304687,hi-bw,5ms,no-loss
50MB,0,43.09470093727112,hi-bw,5ms,no-loss
50MB,0,44.33256400108338,hi-bw,5ms,no-loss
50MB,0,42.18311799049378,hi-bw,5ms,no-loss
50MB,0,14.05026901245117,hi-bw,5ms,no-loss
50MB,0,14.759256963729857,hi-bw,5ms,no-loss
50MB,0,16.051749114990233,hi-bw,5ms,no-loss
50MB,0,14.10106099128723,hi-bw,5ms,no-loss
50MB,0,12.9926229763031,hi-bw,5ms,no-loss
50MB,0,10.091488008499145,hi-bw,5ms,no-loss
50MB,0,12.872988109588622,hi-bw,5ms,no-loss
50MB,0,15.313495044708251,hi-bw,5ms,no-loss
50MB,0,14.456653003692626,hi-bw,5ms,no-loss
50MB,0,8.761289958953856,hi-bw,5ms,no-loss
50MB,0,11.524212007522582,hi-bw,5ms,no-loss
50MB,0,12.568158988952636,hi-bw,5ms,no-loss
50MB,0,15.55407488822937,hi-bw,5ms,no-loss
50MB,0,40.071126823425296,hi-bw,5ms,no-loss
50MB,0,14.659726028442382,hi-bw,5ms,no-loss
50MB,0,14.154616003036498,hi-bw,5ms,no-loss
50MB,0,12.614338998794555,hi-bw,5ms,no-loss
5MB,0,15.837789182662963,hi-bw,10ms,no-loss
5MB,0,17.708661918640136,hi-bw,10ms,no-loss
5MB,0,2.9466260719299315,hi-bw,10ms,no-loss
5MB,0,45.461815958023074,hi-bw,10ms,no-loss
5MB,0,3.0067449855804442,hi-bw,10ms,no-loss
5MB,0,43.57852995872498,hi-bw,10ms,no-loss
5MB,0,25.304168109893798,hi-bw,10ms,no-loss
5MB,0,2.761813049316406,hi-bw,10ms,no-loss
5MB,0,2.7850230979919433,hi-bw,10ms,no-loss
5MB,0,17.99531090736389,hi-bw,10ms,no-loss
5MB,0,2.962789897918701,hi-bw,10ms,no-loss
5MB,0,2.774989013671875,hi-bw,10ms,no-loss
5MB,0,17.766023998260497,hi-bw,10ms,no-loss
5MB,0,16.590410118103026,hi-bw,10ms,no-loss
5MB,0,2.792386894226074,hi-bw,10ms,no-loss
5MB,0,16.298102025985717,hi-bw,10ms,no-loss
5MB,0,18.02147400856018,hi-bw,10ms,no-loss
5MB,0,17.11143196105957,hi-bw,10ms,no-loss
5MB,0,2.762381200790405,hi-bw,10ms,no-loss
5MB,0,16.54458988189697,hi-bw,10ms,no-loss
5MB,0,2.7950540828704833,hi-bw,10ms,no-loss
5MB,0,51.4127000617981,hi-bw,10ms,no-loss
5MB,0,2.7311409759521483,hi-bw,10ms,no-loss
5MB,0,17.93014896392822,hi-bw,10ms,no-loss
5MB,0,3.0021280097961425,hi-bw,10ms,no-loss
20MB,0,38.17702997207642,hi-bw,10ms,no-loss
20MB,0,36.593823795318606,hi-bw,10ms,no-loss
20MB,0,52.15685904502869,hi-bw,10ms,no-loss
20MB,0,6.185940866470337,hi-bw,10ms,no-loss
20MB,0,38.16064298629761,hi-bw,10ms,no-loss
20MB,0,38.24585783958435,hi-bw,10ms,no-loss
20MB,0,36.98385012626648,hi-bw,10ms,no-loss
20MB,0,36.98119986534119,hi-bw,10ms,no-loss
20MB,0,5.930934076309204,hi-bw,10ms,no-loss
20MB,0,6.640118961334228,hi-bw,10ms,no-loss
20MB,0,38.11053789138794,hi-bw,10ms,no-loss
20MB,0,36.8554810333252,hi-bw,10ms,no-loss
20MB,256,117.50815904617309,hi-bw,10ms,no-loss
20MB,0,52.56468999862671,hi-bw,10ms,no-loss
20MB,0,38.607642059326174,hi-bw,10ms,no-loss
20MB,0,35.36298001289368,hi-bw,10ms,no-loss
20MB,256,117.51391709327697,hi-bw,10ms,no-loss
20MB,0,38.173227910995486,hi-bw,10ms,no-loss
20MB,0,36.61426413536072,hi-bw,10ms,no-loss
20MB,256,117.52581608772277,hi-bw,10ms,no-loss
20MB,0,5.982752923965454,hi-bw,10ms,no-loss
20MB,0,47.8649169254303,hi-bw,10ms,no-loss
20MB,0,35.168202047348025,hi-bw,10ms,no-loss
20MB,0,5.741431837081909,hi-bw,10ms,no-loss
20MB,0,5.495483999252319,hi-bw,10ms,no-loss
50MB,0,12.20933497428894,hi-bw,10ms,no-loss
50MB,256,117.45061314582824,hi-bw,10ms,no-loss
50MB,256,117.41774404525756,hi-bw,10ms,no-loss
50MB,256,117.48262894630432,hi-bw,10ms,no-loss
50MB,256,117.48210394859314,hi-bw,10ms,no-loss
50MB,256,117.49847901344299,hi-bw,10ms,no-loss
50MB,256,117.47996104240417,hi-bw,10ms,no-loss
50MB,256,117.50707901000976,hi-bw,10ms,no-loss
50MB,256,117.55797899246215,hi-bw,10ms,no-loss
50MB,256,117.47452486038208,hi-bw,10ms,no-loss
50MB,256,117.57029378890991,hi-bw,10ms,no-loss
50MB,256,117.49087989807128,hi-bw,10ms,no-loss
50MB,256,117.53803694725036,hi-bw,10ms,no-loss
50MB,256,117.49618304252624,hi-bw,10ms,no-loss
50MB,256,117.50875699996948,hi-bw,10ms,no-loss
50MB,256,117.50977600097656,hi-bw,10ms,no-loss
50MB,256,117.47269213676452,hi-bw,10ms,no-loss
50MB,0,12.040414934158324,hi-bw,10ms,no-loss
50MB,256,117.49604213714599,hi-bw,10ms,no-loss
50MB,256,117.47101486206054,hi-bw,10ms,no-loss
50MB,0,12.75024188041687,hi-bw,10ms,no-loss
50MB,256,117.48180902481079,hi-bw,10ms,no-loss
50MB,0,12.903163080215453,hi-bw,10ms,no-loss
50MB,256,117.51826012611389,hi-bw,10ms,no-loss
50MB,0,12.548097019195556,hi-bw,10ms,no-loss
5MB,0,39.875836019515994,hi-bw,15ms,no-loss
5MB,256,117.06405389785766,hi-bw,15ms,no-loss
5MB,0,5.920101051330566,hi-bw,15ms,no-loss
5MB,0,5.280141000747681,hi-bw,15ms,no-loss
5MB,0,42.825457935333255,hi-bw,15ms,no-loss
5MB,256,117.1173309135437,hi-bw,15ms,no-loss
5MB,0,30.711187963485717,hi-bw,15ms,no-loss
5MB,0,29.957098846435546,hi-bw,15ms,no-loss
5MB,0,5.291021947860718,hi-bw,15ms,no-loss
5MB,0,5.522532110214233,hi-bw,15ms,no-loss
5MB,0,41.88572800636292,hi-bw,15ms,no-loss
5MB,0,5.277716045379639,hi-bw,15ms,no-loss
5MB,0,42.28787506103516,hi-bw,15ms,no-loss
5MB,0,41.37259400367737,hi-bw,15ms,no-loss
5MB,256,117.06203997611999,hi-bw,15ms,no-loss
5MB,0,43.380324010849,hi-bw,15ms,no-loss
5MB,0,42.17589891433716,hi-bw,15ms,no-loss
5MB,0,45.41963279724121,hi-bw,15ms,no-loss
5MB,0,30.91138208389282,hi-bw,15ms,no-loss
5MB,256,117.05028999328613,hi-bw,15ms,no-loss
5MB,0,42.22801506996155,hi-bw,15ms,no-loss
5MB,0,5.374672060012817,hi-bw,15ms,no-loss
5MB,0,5.338158016204834,hi-bw,15ms,no-loss
5MB,0,28.657762174606322,hi-bw,15ms,no-loss
5MB,0,5.279397134780884,hi-bw,15ms,no-loss
20MB,256,117.05585706710815,hi-bw,15ms,no-loss
20MB,0,41.72355998039246,hi-bw,15ms,no-loss
20MB,256,117.0421069908142,hi-bw,15ms,no-loss
20MB,256,117.09083998680114,hi-bw,15ms,no-loss
20MB,0,11.875589971542357,hi-bw,15ms,no-loss
20MB,256,117.09790409088134,hi-bw,15ms,no-loss
20MB,256,117.09231889724731,hi-bw,15ms,no-loss
20MB,256,117.07910287857055,hi-bw,15ms,no-loss
20MB,256,117.05414498329162,hi-bw,15ms,no-loss
20MB,0,11.8748570728302,hi-bw,15ms,no-loss
20MB,0,11.837084894180297,hi-bw,15ms,no-loss
20MB,0,12.07481587409973,hi-bw,15ms,no-loss
20MB,0,12.986158018112182,hi-bw,15ms,no-loss
20MB,256,117.10868585586547,hi-bw,15ms,no-loss
20MB,256,117.0645519542694,hi-bw,15ms,no-loss
20MB,256,117.03522694587707,hi-bw,15ms,no-loss
20MB,256,117.08927500724792,hi-bw,15ms,no-loss
20MB,256,117.0754448223114,hi-bw,15ms,no-loss
20MB,256,117.06693494796752,hi-bw,15ms,no-loss
20MB,256,117.06462204933166,hi-bw,15ms,no-loss
20MB,256,117.0875228691101,hi-bw,15ms,no-loss
20MB,256,117.08600199699401,hi-bw,15ms,no-loss
20MB,256,117.03974497795105,hi-bw,15ms,no-loss
20MB,256,117.0657509613037,hi-bw,15ms,no-loss
20MB,256,117.0507170009613,hi-bw,15ms,no-loss
50MB,0,25.868972902297973,hi-bw,15ms,no-loss
50MB,0,25.86766016960144,hi-bw,15ms,no-loss
50MB,256,116.73982298851013,hi-bw,15ms,no-loss
50MB,256,117.08961093902587,hi-bw,15ms,no-loss
50MB,256,117.08543599128723,hi-bw,15ms,no-loss
50MB,256,117.095665102005,hi-bw,15ms,no-loss
50MB,256,117.06727207183837,hi-bw,15ms,no-loss
50MB,256,117.0843170928955,hi-bw,15ms,no-loss
50MB,256,117.09962404251098,hi-bw,15ms,no-loss
50MB,256,117.06352913856506,hi-bw,15ms,no-loss
50MB,0,25.914077167510985,hi-bw,15ms,no-loss
50MB,256,117.11917889595031,hi-bw,15ms,no-loss
50MB,256,117.0782181072235,hi-bw,15ms,no-loss
50MB,256,117.08943212509155,hi-bw,15ms,no-loss
50MB,256,117.06218803405761,hi-bw,15ms,no-loss
50MB,0,26.12578785896301,hi-bw,15ms,no-loss
50MB,0,25.896355991363524,hi-bw,15ms,no-loss
50MB,256,117.09604585647583,hi-bw,15ms,no-loss
50MB,0,25.58337414741516,hi-bw,15ms,no-loss
50MB,0,25.871999864578246,hi-bw,15ms,no-loss
50MB,0,25.837746982574462,hi-bw,15ms,no-loss
50MB,256,117.07239807128906,hi-bw,15ms,no-loss
50MB,256,117.08436811447143,hi-bw,15ms,no-loss
50MB,256,117.06239498138427,hi-bw,15ms,no-loss
50MB,256,117.09060609817504,hi-bw,15ms,no-loss
5MB,0,10.796556119918822,hi-bw,5ms,min-loss
5MB,0,10.424114112854003,hi-bw,5ms,min-loss
5MB,0,12.704991941452025,hi-bw,5ms,min-loss
5MB,0,13.467103843688964,hi-bw,5ms,min-loss
5MB,0,9.502879981994628,hi-bw,5ms,min-loss
5MB,0,10.710636978149413,hi-bw,5ms,min-loss
5MB,0,38.51787293434143,hi-bw,5ms,min-loss
5MB,0,10.61132014274597,hi-bw,5ms,min-loss
5MB,0,9.756447916030883,hi-bw,5ms,min-loss
5MB,0,7.754751091003418,hi-bw,5ms,min-loss
5MB,0,9.766312007904052,hi-bw,5ms,min-loss
5MB,0,9.834442024230956,hi-bw,5ms,min-loss
5MB,0,10.207860832214354,hi-bw,5ms,min-loss
5MB,-2,-3.12,hi-bw,5ms,min-loss
5MB,0,9.099139099121093,hi-bw,5ms,min-loss
5MB,0,11.250719909667968,hi-bw,5ms,min-loss
5MB,0,11.552104120254516,hi-bw,5ms,min-loss
5MB,0,39.35743701934815,hi-bw,5ms,min-loss
5MB,0,8.407014970779418,hi-bw,5ms,min-loss
5MB,-2,-3.12,hi-bw,5ms,min-loss
5MB,0,12.25650990486145,hi-bw,5ms,min-loss
5MB,0,9.35822880744934,hi-bw,5ms,min-loss
5MB,-2,-3.12,hi-bw,5ms,min-loss
5MB,0,9.951066856384276,hi-bw,5ms,min-loss
5MB,0,40.50186408042908,hi-bw,5ms,min-loss
20MB,256,11.009189014434813,hi-bw,5ms,min-loss
20MB,256,32.965133075714114,hi-bw,5ms,min-loss
20MB,0,58.11435378074646,hi-bw,5ms,min-loss
20MB,0,67.98809087753295,hi-bw,5ms,min-loss
20MB,0,66.35788596153259,hi-bw,5ms,min-loss
20MB,0,39.21759713172913,hi-bw,5ms,min-loss
20MB,0,67.23558986663818,hi-bw,5ms,min-loss
20MB,0,69.57045495986938,hi-bw,5ms,min-loss
20MB,0,38.46693099021912,hi-bw,5ms,min-loss
20MB,0,67.20557106018066,hi-bw,5ms,min-loss
20MB,0,39.36456883430481,hi-bw,5ms,min-loss
20MB,0,38.53003108978272,hi-bw,5ms,min-loss
20MB,0,67.60569894790649,hi-bw,5ms,min-loss
20MB,0,40.40929306030274,hi-bw,5ms,min-loss
20MB,0,35.46766484260559,hi-bw,5ms,min-loss
20MB,0,37.57108104705811,hi-bw,5ms,min-loss
20MB,0,38.62917984008789,hi-bw,5ms,min-loss
20MB,0,69.6380599784851,hi-bw,5ms,min-loss
20MB,0,39.91127694129944,hi-bw,5ms,min-loss
20MB,0,68.90867698669433,hi-bw,5ms,min-loss
20MB,-2,-3.12,hi-bw,5ms,min-loss
20MB,0,39.91753280639649,hi-bw,5ms,min-loss
20MB,0,66.8849831867218,hi-bw,5ms,min-loss
20MB,0,39.46915090560913,hi-bw,5ms,min-loss
20MB,0,38.169890050888064,hi-bw,5ms,min-loss
50MB,256,117.9494019794464,hi-bw,5ms,min-loss
50MB,256,117.94196999549865,hi-bw,5ms,min-loss
50MB,256,117.89852703094482,hi-bw,5ms,min-loss
50MB,256,117.93846500396728,hi-bw,5ms,min-loss
50MB,256,117.94323599815368,hi-bw,5ms,min-loss
50MB,256,117.90273893356323,hi-bw,5ms,min-loss
50MB,256,117.91319597244262,hi-bw,5ms,min-loss
50MB,256,117.95645392417907,hi-bw,5ms,min-loss
50MB,256,117.92533314704895,hi-bw,5ms,min-loss
50MB,-2,-3.12,hi-bw,5ms,min-loss
50MB,256,107.88817608833313,hi-bw,5ms,min-loss
50MB,256,117.91210592269897,hi-bw,5ms,min-loss
50MB,256,117.91692293167114,hi-bw,5ms,min-loss
50MB,256,117.93847096443176,hi-bw,5ms,min-loss
50MB,-2,-3.12,hi-bw,5ms,min-loss
50MB,256,107.90421593666076,hi-bw,5ms,min-loss
50MB,-2,-3.12,hi-bw,5ms,min-loss
50MB,256,107.90521109580993,hi-bw,5ms,min-loss
50MB,256,117.92995703697204,hi-bw,5ms,min-loss
50MB,256,117.91726983070373,hi-bw,5ms,min-loss
50MB,256,117.90405095100402,hi-bw,5ms,min-loss
50MB,256,117.91751707077026,hi-bw,5ms,min-loss
50MB,256,117.96636307716369,hi-bw,5ms,min-loss
50MB,256,117.89726794242858,hi-bw,5ms,min-loss
50MB,256,117.91932118415832,hi-bw,5ms,min-loss
5MB,256,117.23046291351318,hi-bw,10ms,min-loss
5MB,256,117.49265611648559,hi-bw,10ms,min-loss
5MB,-2,-3.12,hi-bw,10ms,min-loss
5MB,256,90.23520696640014,hi-bw,10ms,min-loss
5MB,-2,-3.12,hi-bw,10ms,min-loss
5MB,-2,-3.12,hi-bw,10ms,min-loss
5MB,256,97.0948540019989,hi-bw,10ms,min-loss
5MB,256,8.578559999465941,hi-bw,10ms,min-loss
5MB,256,117.44716799736022,hi-bw,10ms,min-loss
5MB,256,90.46767318725585,hi-bw,10ms,min-loss
5MB,256,117.49240291595459,hi-bw,10ms,min-loss
5MB,256,117.47192490577697,hi-bw,10ms,min-loss
5MB,256,117.50403893470764,hi-bw,10ms,min-loss
5MB,256,117.51715291023254,hi-bw,10ms,min-loss
5MB,256,117.52655089378356,hi-bw,10ms,min-loss
5MB,256,117.49173796653747,hi-bw,10ms,min-loss
5MB,256,117.48431289672851,hi-bw,10ms,min-loss
5MB,256,117.48759592056274,hi-bw,10ms,min-loss
5MB,256,117.50751007080078,hi-bw,10ms,min-loss
5MB,-2,-3.12,hi-bw,10ms,min-loss
5MB,256,90.42939985275268,hi-bw,10ms,min-loss
5MB,-2,-3.12,hi-bw,10ms,min-loss
5MB,256,5.001840000152588,hi-bw,10ms,min-loss
5MB,256,100.83427894592285,hi-bw,10ms,min-loss
5MB,256,117.48594987869262,hi-bw,10ms,min-loss
20MB,-2,-3.12,hi-bw,10ms,min-loss
20MB,-2,-3.12,hi-bw,10ms,min-loss
20MB,256,97.0085650730133,hi-bw,10ms,min-loss
20MB,256,8.674241189956664,hi-bw,10ms,min-loss
20MB,256,117.55351603507995,hi-bw,10ms,min-loss
20MB,256,117.50321591377258,hi-bw,10ms,min-loss
20MB,256,117.50785100936889,hi-bw,10ms,min-loss
20MB,256,117.45555294036865,hi-bw,10ms,min-loss
20MB,256,117.48664415359497,hi-bw,10ms,min-loss
20MB,256,117.49179590225219,hi-bw,10ms,min-loss
20MB,256,117.47824395179748,hi-bw,10ms,min-loss
20MB,-2,-3.12,hi-bw,10ms,min-loss
20MB,256,107.28110683441162,hi-bw,10ms,min-loss
20MB,256,117.486947183609,hi-bw,10ms,min-loss
20MB,256,117.46097100257873,hi-bw,10ms,min-loss
20MB,256,117.39582288742065,hi-bw,10ms,min-loss
20MB,256,117.49495494842529,hi-bw,10ms,min-loss
20MB,256,117.47254217147827,hi-bw,10ms,min-loss
20MB,256,117.51284802436828,hi-bw,10ms,min-loss
20MB,256,117.49410593986511,hi-bw,10ms,min-loss
20MB,256,117.49585116386413,hi-bw,10ms,min-loss
20MB,-2,-3.12,hi-bw,10ms,min-loss
20MB,-2,-3.12,hi-bw,10ms,min-loss
20MB,256,97.05841100692749,hi-bw,10ms,min-loss
20MB,-2,-3.12,hi-bw,10ms,min-loss
50MB,-2,-3.12,hi-bw,10ms,min-loss
50MB,256,97.11311495780944,hi-bw,10ms,min-loss
50MB,256,8.547920112609862,hi-bw,10ms,min-loss
50MB,256,117.47774303436279,hi-bw,10ms,min-loss
50MB,256,117.5074299621582,hi-bw,10ms,min-loss
50MB,256,117.49183905601501,hi-bw,10ms,min-loss
50MB,256,117.48165214538574,hi-bw,10ms,min-loss
50MB,256,117.5155550289154,hi-bw,10ms,min-loss
50MB,256,117.50695598602294,hi-bw,10ms,min-loss
50MB,-2,-3.12,hi-bw,10ms,min-loss
50MB,256,107.27495396614074,hi-bw,10ms,min-loss
50MB,256,117.49406707763671,hi-bw,10ms,min-loss
50MB,256,117.59182990074157,hi-bw,10ms,min-loss
50MB,256,117.5435890007019,hi-bw,10ms,min-loss
50MB,256,117.50204504013061,hi-bw,10ms,min-loss
50MB,-2,-3.12,hi-bw,10ms,min-loss
50MB,256,107.42091095924377,hi-bw,10ms,min-loss
50MB,256,117.51216304779052,hi-bw,10ms,min-loss
50MB,256,117.5009819316864,hi-bw,10ms,min-loss
50MB,256,117.41784990310668,hi-bw,10ms,min-loss
50MB,256,117.4802140045166,hi-bw,10ms,min-loss
50MB,256,117.51978791236877,hi-bw,10ms,min-loss
50MB,256,117.4747208404541,hi-bw,10ms,min-loss
50MB,-2,-3.12,hi-bw,10ms,min-loss
50MB,256,107.31269181251525,hi-bw,10ms,min-loss
5MB,-2,-3.12,hi-bw,15ms,min-loss
5MB,256,106.75946701049804,hi-bw,15ms,min-loss
5MB,-2,-3.12,hi-bw,15ms,min-loss
5MB,256,106.6255780506134,hi-bw,15ms,min-loss
5MB,256,117.08181107521057,hi-bw,15ms,min-loss
5MB,256,117.09286296844482,hi-bw,15ms,min-loss
5MB,256,117.06583106994628,hi-bw,15ms,min-loss
5MB,256,117.05035698890686,hi-bw,15ms,min-loss
5MB,256,117.05846798896789,hi-bw,15ms,min-loss
5MB,256,117.09407008171081,hi-bw,15ms,min-loss
5MB,256,117.03825796127319,hi-bw,15ms,min-loss
5MB,-2,-3.12,hi-bw,15ms,min-loss
5MB,0,53.283746843338015,hi-bw,15ms,min-loss
5MB,256,51.37868202209473,hi-bw,15ms,min-loss
5MB,256,117.04849493980407,hi-bw,15ms,min-loss
5MB,-2,-3.12,hi-bw,15ms,min-loss
5MB,256,106.69923389434814,hi-bw,15ms,min-loss
5MB,256,117.01072800636291,hi-bw,15ms,min-loss
5MB,256,117.08064282417297,hi-bw,15ms,min-loss
5MB,256,117.01501501083374,hi-bw,15ms,min-loss
5MB,256,117.06709897994995,hi-bw,15ms,min-loss
5MB,0,89.04624808311462,hi-bw,15ms,min-loss
5MB,256,117.03571093559265,hi-bw,15ms,min-loss
5MB,256,117.10539806365966,hi-bw,15ms,min-loss
5MB,256,117.05431902885437,hi-bw,15ms,min-loss
20MB,256,117.07568395614624,hi-bw,15ms,min-loss
20MB,256,117.05616820335388,hi-bw,15ms,min-loss
20MB,256,117.11945593833923,hi-bw,15ms,min-loss
20MB,256,117.06000483512878,hi-bw,15ms,min-loss
20MB,256,117.08773887634277,hi-bw,15ms,min-loss
20MB,256,117.04610479354858,hi-bw,15ms,min-loss
20MB,256,117.12405097961425,hi-bw,15ms,min-loss
20MB,256,117.08530414581298,hi-bw,15ms,min-loss
20MB,256,117.03256905555725,hi-bw,15ms,min-loss
20MB,256,117.07243001937866,hi-bw,15ms,min-loss
20MB,256,117.05066192626953,hi-bw,15ms,min-loss
20MB,256,117.07583392143249,hi-bw,15ms,min-loss
20MB,256,117.0798131275177,hi-bw,15ms,min-loss
20MB,-2,-3.12,hi-bw,15ms,min-loss
20MB,256,106.6427170085907,hi-bw,15ms,min-loss
20MB,256,117.07245505332946,hi-bw,15ms,min-loss
20MB,256,117.08925593376159,hi-bw,15ms,min-loss
20MB,256,117.0666271495819,hi-bw,15ms,min-loss
20MB,256,117.0607370185852,hi-bw,15ms,min-loss
20MB,256,117.11507595062255,hi-bw,15ms,min-loss
20MB,256,117.07761490821838,hi-bw,15ms,min-loss
20MB,256,117.09122312545776,hi-bw,15ms,min-loss
20MB,256,117.06395400047302,hi-bw,15ms,min-loss
20MB,256,117.09808791160583,hi-bw,15ms,min-loss
20MB,256,117.09133279800415,hi-bw,15ms,min-loss
50MB,256,117.09298503875732,hi-bw,15ms,min-loss
50MB,-2,-3.12,hi-bw,15ms,min-loss
50MB,256,106.72269595146179,hi-bw,15ms,min-loss
50MB,256,117.09774697303772,hi-bw,15ms,min-loss
50MB,256,117.05858910560607,hi-bw,15ms,min-loss
50MB,256,117.0946201133728,hi-bw,15ms,min-loss
50MB,256,117.02687204360961,hi-bw,15ms,min-loss
50MB,256,117.07625401496887,hi-bw,15ms,min-loss
50MB,256,117.02181590080261,hi-bw,15ms,min-loss
50MB,256,117.08568895339965,hi-bw,15ms,min-loss
50MB,-2,-3.12,hi-bw,15ms,min-loss
50MB,-2,-3.12,hi-bw,15ms,min-loss
50MB,256,96.1503309059143,hi-bw,15ms,min-loss
50MB,256,8.419802074432372,hi-bw,15ms,min-loss
50MB,256,116.97454202651977,hi-bw,15ms,min-loss
50MB,256,117.0488551902771,hi-bw,15ms,min-loss
50MB,256,117.07825315475463,hi-bw,15ms,min-loss
50MB,256,117.11083877563476,hi-bw,15ms,min-loss
50MB,256,117.0712829875946,hi-bw,15ms,min-loss
50MB,256,117.02050006866455,hi-bw,15ms,min-loss
50MB,256,117.08144701004028,hi-bw,15ms,min-loss
50MB,256,117.0950478363037,hi-bw,15ms,min-loss
50MB,256,117.0193678188324,hi-bw,15ms,min-loss
50MB,256,117.08146799087524,hi-bw,15ms,min-loss
50MB,256,117.08475792884826,hi-bw,15ms,min-loss
5MB,0,45.67095196723938,hi-bw,5ms,hi-loss
5MB,0,18.838035945892333,hi-bw,5ms,hi-loss
5MB,0,17.845971946716308,hi-bw,5ms,hi-loss
5MB,0,17.41627586364746,hi-bw,5ms,hi-loss
5MB,-2,-3.12,hi-bw,5ms,hi-loss
5MB,0,17.255136137008666,hi-bw,5ms,hi-loss
5MB,-2,-3.12,hi-bw,5ms,hi-loss
5MB,-2,-3.12,hi-bw,5ms,hi-loss
5MB,0,16.261381034851073,hi-bw,5ms,hi-loss
5MB,-2,-3.12,hi-bw,5ms,hi-loss
5MB,0,42.084020977020266,hi-bw,5ms,hi-loss
5MB,-2,-3.12,hi-bw,5ms,hi-loss
5MB,256,17.260801916122436,hi-bw,5ms,hi-loss
5MB,256,8.815486078262328,hi-bw,5ms,hi-loss
5MB,0,19.261212949752807,hi-bw,5ms,hi-loss
5MB,-2,-3.12,hi-bw,5ms,hi-loss
5MB,0,17.643707160949706,hi-bw,5ms,hi-loss
5MB,0,15.254735832214354,hi-bw,5ms,hi-loss
5MB,-2,-3.12,hi-bw,5ms,hi-loss
5MB,256,4.048100833892822,hi-bw,5ms,hi-loss
5MB,0,15.95249903678894,hi-bw,5ms,hi-loss
5MB,-2,-3.12,hi-bw,5ms,hi-loss
5MB,-2,-3.12,hi-bw,5ms,hi-loss
5MB,0,20.42069995880127,hi-bw,5ms,hi-loss
5MB,-2,-3.12,hi-bw,5ms,hi-loss
20MB,-2,-3.12,hi-bw,5ms,hi-loss
20MB,-2,-3.12,hi-bw,5ms,hi-loss
20MB,-2,-3.12,hi-bw,5ms,hi-loss
20MB,256,4.0710719871520995,hi-bw,5ms,hi-loss
20MB,256,30.900110130310058,hi-bw,5ms,hi-loss
20MB,256,8.874591951370238,hi-bw,5ms,hi-loss
20MB,256,30.456281070709228,hi-bw,5ms,hi-loss
20MB,256,8.76056182861328,hi-bw,5ms,hi-loss
20MB,256,8.86585295677185,hi-bw,5ms,hi-loss
20MB,-2,-3.12,hi-bw,5ms,hi-loss
20MB,256,107.93773282051086,hi-bw,5ms,hi-loss
20MB,-2,-3.12,hi-bw,5ms,hi-loss
20MB,-2,-3.12,hi-bw,5ms,hi-loss
20MB,256,98.05144203186035,hi-bw,5ms,hi-loss
20MB,256,8.797608976364135,hi-bw,5ms,hi-loss
20MB,-2,-3.12,hi-bw,5ms,hi-loss
20MB,256,108.01460206985473,hi-bw,5ms,hi-loss
20MB,256,90.2375119972229,hi-bw,5ms,hi-loss
20MB,256,117.93086994171142,hi-bw,5ms,hi-loss
20MB,-2,-3.12,hi-bw,5ms,hi-loss
20MB,-2,-3.12,hi-bw,5ms,hi-loss
20MB,256,98.05175102233886,hi-bw,5ms,hi-loss
20MB,256,8.741511945724486,hi-bw,5ms,hi-loss
20MB,256,117.91012418746948,hi-bw,5ms,hi-loss
20MB,256,117.9067870426178,hi-bw,5ms,hi-loss
50MB,256,117.95242512702941,hi-bw,5ms,hi-loss
50MB,-2,-3.12,hi-bw,5ms,hi-loss
50MB,256,107.9076870727539,hi-bw,5ms,hi-loss
50MB,-2,-3.12,hi-bw,5ms,hi-loss
50MB,256,107.91997206687927,hi-bw,5ms,hi-loss
50MB,-2,-3.12,hi-bw,5ms,hi-loss
50MB,-2,-3.12,hi-bw,5ms,hi-loss
50MB,256,97.8785589981079,hi-bw,5ms,hi-loss
50MB,256,8.978227024078368,hi-bw,5ms,hi-loss
50MB,-2,-3.12,hi-bw,5ms,hi-loss
50MB,-2,-3.12,hi-bw,5ms,hi-loss
50MB,256,98.06785786628723,hi-bw,5ms,hi-loss
50MB,-2,-3.12,hi-bw,5ms,hi-loss
50MB,256,107.88699496269226,hi-bw,5ms,hi-loss
50MB,-2,-3.12,hi-bw,5ms,hi-loss
50MB,256,107.90103781700134,hi-bw,5ms,hi-loss
50MB,-2,-3.12,hi-bw,5ms,hi-loss
50MB,-2,-3.12,hi-bw,5ms,hi-loss
50MB,-2,-3.12,hi-bw,5ms,hi-loss
50MB,-2,-3.12,hi-bw,5ms,hi-loss
50MB,-2,-3.12,hi-bw,5ms,hi-loss
50MB,256,67.74464095115661,hi-bw,5ms,hi-loss
50MB,256,8.860936050415038,hi-bw,5ms,hi-loss
50MB,-2,-3.12,hi-bw,5ms,hi-loss
50MB,-2,-3.12,hi-bw,5ms,hi-loss
5MB,-2,-3.12,hi-bw,10ms,hi-loss
5MB,256,86.88391697883606,hi-bw,10ms,hi-loss
5MB,-2,-3.12,hi-bw,10ms,hi-loss
5MB,256,97.49227679252624,hi-bw,10ms,hi-loss
5MB,256,117.47819793701171,hi-bw,10ms,hi-loss
5MB,256,117.50677884101867,hi-bw,10ms,hi-loss
5MB,256,117.4912048625946,hi-bw,10ms,hi-loss
5MB,256,117.49111187934875,hi-bw,10ms,hi-loss
5MB,-2,-3.12,hi-bw,10ms,hi-loss
5MB,-2,-3.12,hi-bw,10ms,hi-loss
5MB,256,97.17087090492248,hi-bw,10ms,hi-loss
5MB,256,8.613201026916503,hi-bw,10ms,hi-loss
5MB,-2,-3.12,hi-bw,10ms,hi-loss
5MB,256,107.3450330543518,hi-bw,10ms,hi-loss
5MB,256,117.50893486022949,hi-bw,10ms,hi-loss
5MB,-2,-3.12,hi-bw,10ms,hi-loss
5MB,256,107.32384789466857,hi-bw,10ms,hi-loss
5MB,256,117.4861041355133,hi-bw,10ms,hi-loss
5MB,256,117.49372590065002,hi-bw,10ms,hi-loss
5MB,256,117.52748096466064,hi-bw,10ms,hi-loss
5MB,-2,-3.12,hi-bw,10ms,hi-loss
5MB,256,107.26241696357727,hi-bw,10ms,hi-loss
5MB,256,117.49526203155517,hi-bw,10ms,hi-loss
5MB,256,117.48331392288208,hi-bw,10ms,hi-loss
5MB,256,117.47513783454895,hi-bw,10ms,hi-loss
20MB,-2,-3.12,hi-bw,10ms,hi-loss
20MB,256,107.27597606658935,hi-bw,10ms,hi-loss
20MB,256,117.46100080490112,hi-bw,10ms,hi-loss
20MB,256,117.50671494483947,hi-bw,10ms,hi-loss
20MB,-2,-3.12,hi-bw,10ms,hi-loss
20MB,-2,-3.12,hi-bw,10ms,hi-loss
20MB,256,87.40812600135803,hi-bw,10ms,hi-loss
20MB,256,8.680483226776122,hi-bw,10ms,hi-loss
20MB,256,117.54486692428588,hi-bw,10ms,hi-loss
20MB,-2,-3.12,hi-bw,10ms,hi-loss
20MB,256,107.22014391899108,hi-bw,10ms,hi-loss
20MB,256,117.50046313285827,hi-bw,10ms,hi-loss
20MB,-2,-3.12,hi-bw,10ms,hi-loss
20MB,256,107.33173096656799,hi-bw,10ms,hi-loss
20MB,-2,-3.12,hi-bw,10ms,hi-loss
20MB,256,36.39247215270996,hi-bw,10ms,hi-loss
20MB,256,59.48840201377869,hi-bw,10ms,hi-loss
20MB,256,117.55131495475769,hi-bw,10ms,hi-loss
20MB,-2,-3.12,hi-bw,10ms,hi-loss
20MB,-2,-3.12,hi-bw,10ms,hi-loss
20MB,256,97.28972399711608,hi-bw,10ms,hi-loss
20MB,-2,-3.12,hi-bw,10ms,hi-loss
20MB,256,107.44143808364868,hi-bw,10ms,hi-loss
20MB,256,117.5068150806427,hi-bw,10ms,hi-loss
20MB,256,117.4938219833374,hi-bw,10ms,hi-loss
50MB,-2,-3.12,hi-bw,10ms,hi-loss
50MB,256,107.32349408149719,hi-bw,10ms,hi-loss
50MB,256,117.50708401679992,hi-bw,10ms,hi-loss
50MB,256,117.50042999267578,hi-bw,10ms,hi-loss
50MB,-2,-3.12,hi-bw,10ms,hi-loss
50MB,-2,-3.12,hi-bw,10ms,hi-loss
50MB,-2,-3.12,hi-bw,10ms,hi-loss
50MB,256,77.14689291000366,hi-bw,10ms,hi-loss
50MB,256,8.619287853240966,hi-bw,10ms,hi-loss
50MB,256,8.798971061706542,hi-bw,10ms,hi-loss
50MB,256,117.52542293548584,hi-bw,10ms,hi-loss
50MB,256,117.51113713264465,hi-bw,10ms,hi-loss
50MB,256,117.41399205207824,hi-bw,10ms,hi-loss
50MB,-2,-3.12,hi-bw,10ms,hi-loss
50MB,256,107.2938879776001,hi-bw,10ms,hi-loss
50MB,-2,-3.12,hi-bw,10ms,hi-loss
50MB,256,107.339881067276,hi-bw,10ms,hi-loss
50MB,-2,-3.12,hi-bw,10ms,hi-loss
50MB,256,97.53491700172424,hi-bw,10ms,hi-loss
50MB,256,117.48758996009826,hi-bw,10ms,hi-loss
50MB,256,117.40041506767272,hi-bw,10ms,hi-loss
50MB,-2,-3.12,hi-bw,10ms,hi-loss
50MB,-2,-3.12,hi-bw,10ms,hi-loss
50MB,-2,-3.12,hi-bw,10ms,hi-loss
50MB,256,86.98821509361267,hi-bw,10ms,hi-loss
5MB,-2,-3.12,hi-bw,15ms,hi-loss
5MB,256,7.190195922851562,hi-bw,15ms,hi-loss
5MB,256,96.96680295944213,hi-bw,15ms,hi-loss
5MB,-2,-3.12,hi-bw,15ms,hi-loss
5MB,256,106.64485896110534,hi-bw,15ms,hi-loss
5MB,-2,-3.12,hi-bw,15ms,hi-loss
5MB,256,41.837839965820315,hi-bw,15ms,hi-loss
5MB,256,62.79864800453186,hi-bw,15ms,hi-loss
5MB,-2,-3.12,hi-bw,15ms,hi-loss
5MB,256,106.53939593315124,hi-bw,15ms,hi-loss
5MB,-2,-3.12,hi-bw,15ms,hi-loss
5MB,256,106.65367687225341,hi-bw,15ms,hi-loss
5MB,-2,-3.12,hi-bw,15ms,hi-loss
5MB,-2,-3.12,hi-bw,15ms,hi-loss
5MB,256,96.30342400550842,hi-bw,15ms,hi-loss
5MB,256,8.28328812599182,hi-bw,15ms,hi-loss
5MB,-2,-3.12,hi-bw,15ms,hi-loss
5MB,-2,-3.12,hi-bw,15ms,hi-loss
5MB,-2,-3.12,hi-bw,15ms,hi-loss
5MB,-2,-3.12,hi-bw,15ms,hi-loss
5MB,256,75.33695900917053,hi-bw,15ms,hi-loss
5MB,256,8.302740936279296,hi-bw,15ms,hi-loss
5MB,256,8.510682945251464,hi-bw,15ms,hi-loss
5MB,-2,-3.12,hi-bw,15ms,hi-loss
5MB,256,106.6387239742279,hi-bw,15ms,hi-loss
20MB,256,117.06109798431396,hi-bw,15ms,hi-loss
20MB,-2,-3.12,hi-bw,15ms,hi-loss
20MB,-2,-3.12,hi-bw,15ms,hi-loss
20MB,256,96.25946701049804,hi-bw,15ms,hi-loss
20MB,256,8.383086805343627,hi-bw,15ms,hi-loss
20MB,256,117.06964314460754,hi-bw,15ms,hi-loss
20MB,-2,-3.12,hi-bw,15ms,hi-loss
20MB,256,106.74234498023986,hi-bw,15ms,hi-loss
20MB,-2,-3.12,hi-bw,15ms,hi-loss
20MB,256,106.67916405677795,hi-bw,15ms,hi-loss
20MB,256,116.94598997116088,hi-bw,15ms,hi-loss
20MB,256,117.10780418395996,hi-bw,15ms,hi-loss
20MB,256,117.06253898620605,hi-bw,15ms,hi-loss
20MB,256,117.04518187522888,hi-bw,15ms,hi-loss
20MB,256,117.07935512542724,hi-bw,15ms,hi-loss
20MB,-2,-3.12,hi-bw,15ms,hi-loss
20MB,256,97.20172012329101,hi-bw,15ms,hi-loss
20MB,-2,-3.12,hi-bw,15ms,hi-loss
20MB,-2,-3.12,hi-bw,15ms,hi-loss
20MB,256,86.92798197746276,hi-bw,15ms,hi-loss
20MB,256,17.710535888671874,hi-bw,15ms,hi-loss
20MB,-2,-3.12,hi-bw,15ms,hi-loss
20MB,-2,-3.12,hi-bw,15ms,hi-loss
20MB,256,96.4733358669281,hi-bw,15ms,hi-loss
20MB,256,8.164191846847533,hi-bw,15ms,hi-loss
50MB,256,117.06624711036682,hi-bw,15ms,hi-loss
50MB,-2,-3.12,hi-bw,15ms,hi-loss
50MB,-2,-3.12,hi-bw,15ms,hi-loss
50MB,-2,-3.12,hi-bw,15ms,hi-loss
50MB,-2,-3.12,hi-bw,15ms,hi-loss
50MB,256,66.01746404647827,hi-bw,15ms,hi-loss
50MB,256,8.162459020614623,hi-bw,15ms,hi-loss
50MB,256,8.465793018341063,hi-bw,15ms,hi-loss
50MB,-2,-3.12,hi-bw,15ms,hi-loss
50MB,256,106.65803516387939,hi-bw,15ms,hi-loss
50MB,-2,-3.12,hi-bw,15ms,hi-loss
50MB,256,106.65249908447265,hi-bw,15ms,hi-loss
50MB,-2,-3.12,hi-bw,15ms,hi-loss
50MB,256,106.6489869403839,hi-bw,15ms,hi-loss
50MB,-2,-3.12,hi-bw,15ms,hi-loss
50MB,256,106.63369191169738,hi-bw,15ms,hi-loss
50MB,256,117.05572903633117,hi-bw,15ms,hi-loss
50MB,-2,-3.12,hi-bw,15ms,hi-loss
50MB,256,106.68615210533142,hi-bw,15ms,hi-loss
50MB,-2,-3.12,hi-bw,15ms,hi-loss
50MB,256,106.72052515029907,hi-bw,15ms,hi-loss
50MB,-2,-3.12,hi-bw,15ms,hi-loss
50MB,256,31.5113259601593,hi-bw,15ms,hi-loss
50MB,256,73.1179400730133,hi-bw,15ms,hi-loss
50MB,-2,-3.12,hi-bw,15ms,hi-loss
